evaluation_stage,year,top_n,round_trip_cost_rate,observations,gross_final_return,net_final_return,vnindex_final_return,equal_weight_30_final_return,excess_vs_vnindex,excess_vs_equal_weight_30,sharpe_annualized,max_drawdown,max_drawdown_method,positive_period_rate
final_test,2025,2,0.0,11,0.5777544883948309,0.5777544883948309,0.3102221438740944,0.3528465646054473,0.2675323445207365,0.22490792378938362,2.0587998724851655,-0.07966307521380767,period_end_equity_curve,0.8181818181818182
final_test,2025,2,0.002,11,0.5777544883948309,0.5446859058476918,0.3102221438740944,0.3240981617034555,0.23446376197359742,0.22058774414423632,1.9672723549558677,-0.08166307521380767,period_end_equity_curve,0.8181818181818182
final_test,2025,2,0.004,11,0.5777544883948309,0.5122482841472229,0.3102221438740944,0.2959059160657216,0.20202614027312848,0.2163423680815013,1.8757448374265695,-0.08366307521380767,period_end_equity_curve,0.8181818181818182
final_test,2025,2,0.006,11,0.5777544883948309,0.48043077311463955,0.3102221438740944,0.2682601306272574,0.17020862924054514,0.21217064248738216,1.784217319897272,-0.08566307521380767,period_end_equity_curve,0.8181818181818182
final_test,2025,3,0.0,11,0.570771319807845,0.570771319807845,0.3102221438740944,0.3528465646054473,0.2605491759337506,0.21792475520239774,1.6623718338121527,-0.09642963721955655,period_end_equity_curve,0.8181818181818182
final_test,2025,3,0.002,11,0.570771319807845,0.5377900322927891,0.3102221438740944,0.3240981617034555,0.22756788841869469,0.2136918705893336,1.5902385169141342,-0.09842963721955655,period_end_equity_curve,0.8181818181818182
final_test,2025,3,0.004,11,0.570771319807845,0.5054390031250575,0.3102221438740944,0.2959059160657216,0.1952168592509631,0.20953308705933593,1.5181052000161155,-0.10042963721955656,period_end_equity_curve,0.7272727272727273
final_test,2025,3,0.006,11,0.570771319807845,0.473707380523658,0.3102221438740944,0.2682601306272574,0.1634852366495636,0.20544724989640062,1.4459718831180968,-0.10242963721955656,period_end_equity_curve,0.7272727272727273
final_test,2025,5,0.0,11,0.4654264251850504,0.4654264251850504,0.3102221438740944,0.3528465646054473,0.15520428131095598,0.11257986057960312,1.6460240450241117,-0.11853713332098958,period_end_equity_curve,0.8181818181818182
final_test,2025,5,0.002,11,0.4654264251850504,0.4344897784637256,0.3102221438740944,0.3240981617034555,0.12426763458963119,0.1103916167602701,1.5605054785868706,-0.12053713332098959,period_end_equity_curve,0.8181818181818182
final_test,2025,5,0.004,11,0.4654264251850504,0.4041476190452018,0.3102221438740944,0.2959059160657216,0.09392547517110739,0.10824170297948021,1.4749869121496295,-0.12253713332098959,period_end_equity_curve,0.8181818181818182
final_test,2025,5,0.006,11,0.4654264251850504,0.3743896522812735,0.3102221438740944,0.2682601306272574,0.06416750840717911,0.10612952165401612,1.3894683457123884,-0.12453713332098959,period_end_equity_curve,0.8181818181818182
final_test,2025,8,0.0,11,0.4788889545150674,0.4788889545150674,0.3102221438740944,0.3528465646054473,0.168666810640973,0.12604238990962013,1.5457764933548233,-0.14234723518509373,period_end_equity_curve,0.8181818181818182
final_test,2025,8,0.002,11,0.4788889545150674,0.4476672842088023,0.3102221438740944,0.3240981617034555,0.1374451403347079,0.1235691225053468,1.4687705665624318,-0.14434723518509374,period_end_equity_curve,0.8181818181818182
final_test,2025,8,0.004,11,0.4788889545150674,0.4170454804431183,0.3102221438740944,0.2959059160657216,0.10682333656902387,0.1211395643773967,1.3917646397700405,-0.14634723518509374,period_end_equity_curve,0.8181818181818182
final_test,2025,8,0.006,11,0.4788889545150674,0.3870131590132384,0.3102221438740944,0.2682601306272574,0.07679101513914399,0.11875302838598101,1.3147587129776497,-0.14834723518509374,period_end_equity_curve,0.8181818181818182
final_test,2025,10,0.0,11,0.40176500782064606,0.40176500782064606,0.3102221438740944,0.3528465646054473,0.09154286394655164,0.04891844321519878,1.4141377322998545,-0.13865003621581684,period_end_equity_curve,0.7272727272727273
final_test,2025,10,0.002,11,0.40176500782064606,0.3720409889823175,0.3102221438740944,0.3240981617034555,0.06181884510822311,0.04794282727886201,1.332621634627931,-0.14065003621581684,period_end_equity_curve,0.7272727272727273
final_test,2025,10,0.004,11,0.40176500782064606,0.3428906388874706,0.3102221438740944,0.2959059160657216,0.03266849501337621,0.046984722821749036,1.2511055369560073,-0.14265003621581684,period_end_equity_curve,0.7272727272727273
final_test,2025,10,0.006,11,0.40176500782064606,0.3143039810558872,0.3102221438740944,0.2682601306272574,0.00408183718179278,0.046043850428629796,1.169589439284084,-0.14465003621581685,period_end_equity_curve,0.7272727272727273
walk_forward_validation,2021,2,0.0,11,0.4817711518916932,0.4817711518916932,0.19272373887337713,0.15569061770407888,0.28904741301831605,0.3260805341876143,1.3459950261045244,-0.06901522418292616,period_end_equity_curve,0.6363636363636364
walk_forward_validation,2021,2,0.002,11,0.4817711518916932,0.45048336057194227,0.19272373887337713,0.13081463588491515,0.25775962169856514,0.3196687246870271,1.2806883918175986,-0.07101522418292605,period_end_equity_curve,0.6363636363636364
walk_forward_validation,2021,2,0.004,11,0.4817711518916932,0.41979682480558544,0.19272373887337713,0.10642626644406983,0.22707308593220832,0.3133705583615156,1.2153817575306733,-0.07301522418292605,period_end_equity_curve,0.6363636363636364
walk_forward_validation,2021,2,0.006,11,0.4817711518916932,0.3897011343116239,0.19272373887337713,0.08251689226128756,0.19697739543824677,0.30718424205033634,1.1500751232437476,-0.07501522418292605,period_end_equity_curve,0.6363636363636364
walk_forward_validation,2021,3,0.0,11,0.3795540884866344,0.3795540884866344,0.19272373887337713,0.15569061770407888,0.18683034961325728,0.22386347078255553,1.4644474476952376,-0.04152656388673748,period_end_equity_curve,0.6363636363636364
walk_forward_validation,2021,3,0.002,11,0.3795540884866344,0.350295412600409,0.19272373887337713,0.13081463588491515,0.15757167372703185,0.21948077671549382,1.3735642705272477,-0.04734834567217172,period_end_equity_curve,0.6363636363636364
walk_forward_validation,2021,3,0.004,11,0.3795540884866344,0.3216017083639888,0.19272373887337713,0.10642626644406983,0.1288779694906117,0.215175441919919,1.2826810933592574,-0.05314650881737559,period_end_equity_curve,0.6363636363636364
walk_forward_validation,2021,3,0.006,11,0.3795540884866344,0.2934631427421692,0.19272373887337713,0.08251689226128756,0.1007394038687921,0.21094625048088167,1.1917979161912673,-0.05892110132234929,period_end_equity_curve,0.6363636363636364
walk_forward_validation,2021,5,0.0,11,0.3717307609136804,0.3717307609136804,0.19272373887337713,0.15569061770407888,0.17900702204030328,0.21604014320960152,1.581522392744703,-0.08059752055194347,period_end_equity_curve,0.6363636363636364
walk_forward_validation,2021,5,0.002,11,0.3717307609136804,0.34263273773804714,0.19272373887337713,0.13081463588491515,0.14990899886467002,0.211818101853132,1.4803716901652986,-0.08442937508822412,period_end_equity_curve,0.6363636363636364
walk_forward_validation,2021,5,0.004,11,0.3717307609136804,0.3140967156618224,0.19272373887337713,0.10642626644406983,0.12137297678844527,0.20767044921775257,1.3792209875858945,-0.08934698983544043,period_end_equity_curve,0.5454545454545454
walk_forward_validation,2021,5,0.006,11,0.3717307609136804,0.28611291050254395,0.19272373887337713,0.08251689226128756,0.09338917162916682,0.2035960182412564,1.27807028500649,-0.09497412858382559,period_end_equity_curve,0.5454545454545454
walk_forward_validation,2021,8,0.0,11,0.34272032220917814,0.34272032220917814,0.19272373887337713,0.15569061770407888,0.14999658333580101,0.18702970450509926,1.7159924107461895,-0.07848098168491613,period_end_equity_curve,0.6363636363636364
walk_forward_validation,2021,8,0.002,11,0.34272032220917814,0.31419697404327884,0.19272373887337713,0.13081463588491515,0.12147323516990172,0.1833823381583637,1.596446313577346,-0.08305315733276297,period_end_equity_curve,0.5454545454545454
walk_forward_validation,2021,8,0.004,11,0.34272032220917814,0.2862253663402172,0.19272373887337713,0.10642626644406983,0.0935016274668401,0.1797990998961474,1.4769002164085026,-0.0887063524215298,period_end_equity_curve,0.5454545454545454
walk_forward_validation,2021,8,0.006,11,0.34272032220917814,0.25879587800364745,0.19272373887337713,0.08251689226128756,0.06607213913027032,0.1762789857423599,1.3573541192396592,-0.09433627169806369,period_end_equity_curve,0.5454545454545454
walk_forward_validation,2021,10,0.0,11,0.24136154334019744,0.24136154334019744,0.19272373887337713,0.15569061770407888,0.04863780446682031,0.08567092563611856,1.3637754605333192,-0.08266559890904468,period_end_equity_curve,0.5454545454545454
walk_forward_validation,2021,10,0.002,11,0.24136154334019744,0.21480865905926416,0.19272373887337713,0.13081463588491515,0.022084920185887036,0.08399402317434901,1.235218103795408,-0.08832020926856399,period_end_equity_curve,0.5454545454545454
walk_forward_validation,2021,10,0.004,11,0.24136154334019744,0.18877298051418,0.19272373887337713,0.10642626644406983,-0.003950758359197115,0.08234671407011018,1.1066607470574967,-0.09395154128775274,period_end_equity_curve,0.5454545454545454
walk_forward_validation,2021,10,0.006,11,0.24136154334019744,0.1632454255358744,0.19272373887337713,0.08251689226128756,-0.029478313337502726,0.08072853327458684,0.9781033903195857,-0.09955964296661102,period_end_equity_curve,0.5454545454545454
walk_forward_validation,2022,2,0.0,11,-0.37155226613948633,-0.37155226613948633,-0.25057160554465907,-0.153719791724651,-0.12098066059482726,-0.21783247441483533,-0.8438371278003022,-0.5139305146526598,period_end_equity_curve,0.36363636363636365
walk_forward_validation,2022,2,0.002,11,-0.37155226613948633,-0.3859607279041769,-0.25057160554465907,-0.1725048824117178,-0.13538912235951783,-0.2134558454924591,-0.8958933344666232,-0.5233973063633209,period_end_equity_curve,0.36363636363636365
walk_forward_validation,2022,2,0.004,11,-0.37155226613948633,-0.4000688327484917,-0.25057160554465907,-0.19091044030936188,-0.14949722720383263,-0.20915839243912981,-0.9479495411329442,-0.5327001609934128,period_end_equity_curve,0.36363636363636365
walk_forward_validation,2022,2,0.006,11,-0.37155226613948633,-0.41388221668609215,-0.25057160554465907,-0.20894337516223782,-0.16331061114143308,-0.20493884152385433,-1.0000057477992652,-0.5418415633536671,period_end_equity_curve,0.36363636363636365
walk_forward_validation,2022,3,0.0,11,-0.15761767098135804,-0.15761767098135804,-0.25057160554465907,-0.153719791724651,0.09295393456330103,-0.0038978792567070375,-0.15893290723190334,-0.38062790962547566,period_end_equity_curve,0.36363636363636365
walk_forward_validation,2022,3,0.002,11,-0.15761767098135804,-0.17643208135671462,-0.25057160554465907,-0.1725048824117178,0.07413952418794445,-0.003927198944996824,-0.2097587386697411,-0.3923763281119186,period_end_equity_curve,0.36363636363636365
walk_forward_validation,2022,3,0.004,11,-0.15761767098135804,-0.19486447003960816,-0.25057160554465907,-0.19091044030936188,0.05570713550505091,-0.003954029730246278,-0.26058457010757885,-0.40392663824651664,period_end_equity_curve,0.36363636363636365
walk_forward_validation,2022,3,0.006,11,-0.15761767098135804,-0.21292181856338832,-0.25057160554465907,-0.20894337516223782,0.03764978698127075,-0.0039784434011505,-0.31141040154541655,-0.41528176353378177,period_end_equity_curve,0.36363636363636365
walk_forward_validation,2022,5,0.0,11,-0.23841931469604427,-0.23841931469604427,-0.25057160554465907,-0.153719791724651,0.0121522908486148,-0.08469952297139327,-0.4566542529441559,-0.39124945323797644,period_end_equity_curve,0.36363636363636365
walk_forward_validation,2022,5,0.002,11,-0.23841931469604427,-0.255558118439856,-0.25057160554465907,-0.1725048824117178,-0.004986512895196915,-0.08305323602813819,-0.5116265803664802,-0.40280829317301314,period_end_equity_curve,0.36363636363636365
walk_forward_validation,2022,5,0.004,11,-0.23841931469604427,-0.2723461531533784,-0.25057160554465907,-0.19091044030936188,-0.02177454760871933,-0.08143571284401652,-0.5665989077888045,-0.4141719670194087,period_end_equity_curve,0.36363636363636365
walk_forward_validation,2022,5,0.006,11,-0.23841931469604427,-0.2887898825020693,-0.25057160554465907,-0.20894337516223782,-0.0382182769574102,-0.07984650733983145,-0.6215712352111289,-0.4253433593358048,period_end_equity_curve,0.36363636363636365
walk_forward_validation,2022,8,0.0,11,-0.18319295025994042,-0.18319295025994042,-0.25057160554465907,-0.153719791724651,0.06737865528471865,-0.029473158535289423,-0.37967053849835786,-0.3365553739620455,period_end_equity_curve,0.45454545454545453
walk_forward_validation,2022,8,0.002,11,-0.18319295025994042,-0.20142982616768834,-0.25057160554465907,-0.1725048824117178,0.04914177937697073,-0.028924943755970545,-0.44255406892061616,-0.34902209572874743,period_end_equity_curve,0.45454545454545453
walk_forward_validation,2022,8,0.004,11,-0.18319295025994042,-0.21929629658297756,-0.25057160554465907,-0.19091044030936188,0.031275308961681514,-0.028385856273615673,-0.5054375993428745,-0.3612804637554802,period_end_equity_curve,0.45454545454545453
walk_forward_validation,2022,8,0.006,11,-0.18319295025994042,-0.2367991370733904,-0.25057160554465907,-0.20894337516223782,0.013772468471268673,-0.027855761911152577,-0.5683211297651327,-0.37333352681497356,period_end_equity_curve,0.45454545454545453
walk_forward_validation,2022,10,0.0,11,-0.18173638246321389,-0.18173638246321389,-0.25057160554465907,-0.153719791724651,0.06883522308144518,-0.028016590738562885,-0.4030851501129131,-0.32721250387436407,period_end_equity_curve,0.45454545454545453
walk_forward_validation,2022,10,0.002,11,-0.18173638246321389,-0.19999190891843377,-0.25057160554465907,-0.1725048824117178,0.0505796966262253,-0.027487026506715972,-0.46813087004509113,-0.33982903179466073,period_end_equity_curve,0.45454545454545453
walk_forward_validation,2022,10,0.004,11,-0.18173638246321389,-0.2178768787624984,-0.25057160554465907,-0.19091044030936188,0.03269472678216068,-0.02696643845313651,-0.5331765899772692,-0.3522350989000905,period_end_equity_curve,0.45454545454545453
walk_forward_validation,2022,10,0.006,11,-0.18173638246321389,-0.23539806708143896,-0.25057160554465907,-0.20894337516223782,0.015173538463220115,-0.026454691919201134,-0.5982223099094469,-0.3644337794336818,period_end_equity_curve,0.45454545454545453
walk_forward_validation,2023,2,0.0,11,0.355382206898881,0.355382206898881,0.027096046867038925,0.008285132097841652,0.3282861600318421,0.34709707480103935,1.3443860213988519,-0.2062467609556411,period_end_equity_curve,0.6363636363636364
walk_forward_validation,2023,2,0.002,11,0.355382206898881,0.32657179416345494,0.027096046867038925,-0.013682250136289764,0.299475747296416,0.3402540442997447,1.2577947101786169,-0.21138179932232193,period_end_equity_curve,0.6363636363636364
walk_forward_validation,2023,2,0.004,11,0.355382206898881,0.29831885549610493,0.027096046867038925,-0.035213763667432896,0.271222808629066,0.3335326191635378,1.171203398958382,-0.2164946535614718,period_end_equity_curve,0.6363636363636364
walk_forward_validation,2023,2,0.006,11,0.355382206898881,0.27061366959498856,0.027096046867038925,-0.05631720594320799,0.24351762272794963,0.32693087553819655,1.0846120877381473,-0.221585371673091,period_end_equity_curve,0.6363636363636364
walk_forward_validation,2023,3,0.0,11,0.1629413059196727,0.1629413059196727,0.027096046867038925,0.008285132097841652,0.13584525905263378,0.15465617382183106,0.8699472263868995,-0.18908091336433552,period_end_equity_curve,0.6363636363636364
walk_forward_validation,2023,3,0.002,11,0.1629413059196727,0.13790543423993418,0.027096046867038925,-0.013682250136289764,0.11080938737289525,0.15158768437622394,0.7591373758489794,-0.19429043244065525,period_end_equity_curve,0.6363636363636364
walk_forward_validation,2023,3,0.004,11,0.1629413059196727,0.11336031212223086,0.027096046867038925,-0.035213763667432896,0.08626426525519193,0.14857407578966375,0.6483275253110597,-0.19947760570058037,period_end_equity_curve,0.6363636363636364
walk_forward_validation,2023,3,0.006,11,0.1629413059196727,0.08929726821407247,0.027096046867038925,-0.05631720594320799,0.06220122134703354,0.14561447415728046,0.5375176747731397,-0.2046424811441111,period_end_equity_curve,0.6363636363636364
walk_forward_validation,2023,5,0.0,11,0.16335766512513916,0.16335766512513916,0.027096046867038925,0.008285132097841652,0.13626161825810024,0.1550725330272975,0.9431747132041044,-0.16009689525713888,period_end_equity_curve,0.6363636363636364
walk_forward_validation,2023,5,0.002,11,0.16335766512513916,0.13832175396571023,0.027096046867038925,-0.013682250136289764,0.1112257070986713,0.152004004102,0.820708417682268,-0.16375913044981183,period_end_equity_curve,0.6363636363636364
walk_forward_validation,2023,5,0.004,11,0.16335766512513916,0.11377644958045297,0.027096046867038925,-0.035213763667432896,0.08668040271341404,0.14899021324788586,0.6982421221604314,-0.167413365642485,period_end_equity_curve,0.6363636363636364
walk_forward_validation,2023,5,0.006,11,0.16335766512513916,0.08971308512060827,0.027096046867038925,-0.05631720594320799,0.06261703825356935,0.14603029106381626,0.5757758266385948,-0.17105960083515792,period_end_equity_curve,0.6363636363636364
walk_forward_validation,2023,8,0.0,11,0.107476044513233,0.107476044513233,0.027096046867038925,0.008285132097841652,0.08037999764619408,0.09919091241539135,0.6813422031034936,-0.17350972700014167,period_end_equity_curve,0.7272727272727273
walk_forward_validation,2023,8,0.002,11,0.107476044513233,0.08353834318024367,0.027096046867038925,-0.013682250136289764,0.05644229631320474,0.09722059331653343,0.5551810885294309,-0.17714223022942122,period_end_equity_curve,0.7272727272727273
walk_forward_validation,2023,8,0.004,11,0.107476044513233,0.06007179162084686,0.027096046867038925,-0.035213763667432896,0.032975744753807934,0.09528555528827976,0.4290199739553683,-0.18228497010435507,period_end_equity_curve,0.5454545454545454
walk_forward_validation,2023,8,0.006,11,0.107476044513233,0.03706802992234004,0.027096046867038925,-0.05631720594320799,0.009971983055301115,0.09338523586554803,0.302858859381306,-0.18752600460834057,period_end_equity_curve,0.5454545454545454
walk_forward_validation,2023,10,0.0,11,0.08954100702230838,0.08954100702230838,0.027096046867038925,0.008285132097841652,0.06244496015526946,0.08125587492446673,0.650870867210929,-0.14785108160143767,period_end_equity_curve,0.5454545454545454
walk_forward_validation,2023,10,0.002,11,0.08954100702230838,0.06596576402629295,0.027096046867038925,-0.013682250136289764,0.038869717159254025,0.07964801416258271,0.5049631918956554,-0.15323612218828142,period_end_equity_curve,0.5454545454545454
walk_forward_validation,2023,10,0.004,11,0.08954100702230838,0.04285507371101427,0.027096046867038925,-0.035213763667432896,0.015759026843975343,0.07806883737844716,0.3590555165803822,-0.15859844242523236,period_end_equity_curve,0.5454545454545454
walk_forward_validation,2023,10,0.006,11,0.08954100702230838,0.020200682975906936,0.027096046867038925,-0.05631720594320799,-0.006895363891131989,0.07651788891911493,0.2131478412651089,-0.16393809031229045,period_end_equity_curve,0.5454545454545454
walk_forward_validation,2024,2,0.0,11,0.20279013824444592,0.20279013824444592,0.08008944211980507,0.12193874029418161,0.12270069612464085,0.0808513979502643,1.0221655363788107,-0.11734494213403279,period_end_equity_curve,0.5454545454545454
walk_forward_validation,2024,2,0.002,11,0.20279013824444592,0.17697872230833567,0.08008944211980507,0.09773389435688462,0.0968892801885306,0.07924482795145105,0.9132305253166192,-0.1281077254249109,period_end_equity_curve,0.5454545454545454
walk_forward_validation,2024,2,0.004,11,0.20279013824444592,0.15167167185657626,0.08008944211980507,0.07400463444645045,0.0715822297367712,0.07766703741012582,0.8042955142544277,-0.13876093446802173,period_end_equity_curve,0.45454545454545453
walk_forward_validation,2024,2,0.006,11,0.20279013824444592,0.12686010255262925,0.08008944211980507,0.05074253525720884,0.046770660432824185,0.07611756729542041,0.6953605031922364,-0.14930546342293216,period_end_equity_curve,0.45454545454545453
walk_forward_validation,2024,3,0.0,11,0.3927502393707367,0.3927502393707367,0.08008944211980507,0.12193874029418161,0.31266079725093165,0.2708114990765551,2.4316147402224355,-0.03098078362453094,period_end_equity_curve,0.7272727272727273
walk_forward_validation,2024,3,0.002,11,0.3927502393707367,0.36327936389807425,0.08008944211980507,0.09773389435688462,0.2831899217782692,0.2655454695411896,2.2772390717639786,-0.03298078362453094,period_end_equity_curve,0.7272727272727273
walk_forward_validation,2024,3,0.004,11,0.3927502393707367,0.334376401099884,0.08008944211980507,0.07400463444645045,0.2542869589800789,0.26037176665343353,2.1228634033055216,-0.03498078362453094,period_end_equity_curve,0.7272727272727273
walk_forward_validation,2024,3,0.006,11,0.3927502393707367,0.3060314842039178,0.08008944211980507,0.05074253525720884,0.22594204208411273,0.25528894894670895,1.968487734847065,-0.036980783624530944,period_end_equity_curve,0.7272727272727273
walk_forward_validation,2024,5,0.0,11,0.25947142634085285,0.25947142634085285,0.08008944211980507,0.12193874029418161,0.17938198422104779,0.13753268604667124,1.7105899973293097,-0.040947874346225044,period_end_equity_curve,0.6363636363636364
walk_forward_validation,2024,5,0.002,11,0.25947142634085285,0.23257848660115754,0.08008944211980507,0.09773389435688462,0.15248904448135248,0.13484459224427292,1.55590142487567,-0.042947874346225046,period_end_equity_curve,0.6363636363636364
walk_forward_validation,2024,5,0.004,11,0.25947142634085285,0.2062085037445307,0.08008944211980507,0.07400463444645045,0.12611906162472564,0.13220386929808026,1.4012128524220313,-0.04494787434622505,period_end_equity_curve,0.6363636363636364
walk_forward_validation,2024,5,0.006,11,0.25947142634085285,0.18035230908259403,0.08008944211980507,0.05074253525720884,0.10026286696278897,0.1296097738253852,1.2465242799683915,-0.04694787434622494,period_end_equity_curve,0.6363636363636364
walk_forward_validation,2024,8,0.0,11,0.27529499301209226,0.27529499301209226,0.08008944211980507,0.12193874029418161,0.1952055508922872,0.15335625271791065,1.986723625866583,-0.035484988344464785,period_end_equity_curve,0.6363636363636364
walk_forward_validation,2024,8,0.002,11,0.27529499301209226,0.2480991084691342,0.08008944211980507,0.09773389435688462,0.16800966634932912,0.15036521411224957,1.8147502145858248,-0.037484988344464676,period_end_equity_curve,0.6363636363636364
walk_forward_validation,2024,8,0.004,11,0.27529499301209226,0.22143140813258833,0.08008944211980507,0.07400463444645045,0.14134196601278326,0.14742677368613788,1.642776803305067,-0.03948498834446468,period_end_equity_curve,0.6363636363636364
walk_forward_validation,2024,8,0.006,11,0.27529499301209226,0.1952826430261132,0.08008944211980507,0.05074253525720884,0.11519320090630814,0.14454010776890436,1.4708033920243089,-0.04148498834446479,period_end_equity_curve,0.6363636363636364
walk_forward_validation,2024,10,0.0,11,0.25186357971905027,0.25186357971905027,0.08008944211980507,0.12193874029418161,0.1717741375992452,0.12992483942486865,1.688697711987435,-0.03770661699975919,period_end_equity_curve,0.6363636363636364
walk_forward_validation,2024,10,0.002,11,0.25186357971905027,0.22511900336928092,0.08008944211980507,0.09773389435688462,0.14502956124947586,0.1273851090123963,1.5318428738806873,-0.04162669830100996,period_end_equity_curve,0.6363636363636364
walk_forward_validation,2024,10,0.004,11,0.25186357971905027,0.19889477510575237,0.08008944211980507,0.07400463444645045,0.11880533298594731,0.12489014065930193,1.3749880357739392,-0.04553877960226038,period_end_equity_curve,0.6363636363636364
walk_forward_validation,2024,10,0.006,11,0.25186357971905027,0.1731817670917939,0.08008944211980507,0.05074253525720884,0.09309232497198883,0.12243923183458505,1.2181331976671919,-0.04944286090351113,period_end_equity_curve,0.6363636363636364
combined_oos_descriptive,2021-2025,2,0.0,55,1.3951976832644042,1.3951976832644042,0.29922904374382453,0.4967760403197856,1.0959686395205797,0.8984216429446186,0.7514271038673596,-0.5139305146526599,period_end_equity_curve,0.6
combined_oos_descriptive,2021-2025,2,0.002,55,1.3951976832644042,1.1480701191347125,0.29922904374382453,0.34150089341045997,0.8488410753908879,0.8065692257242525,0.6788996714706818,-0.523397306363321,period_end_equity_curve,0.6
combined_oos_descriptive,2021-2025,2,0.004,55,1.3951976832644042,0.9260199202053399,0.29922904374382453,0.2020701189224905,0.6267908764615153,0.7239498012828494,0.6063722390740041,-0.5327001609934126,period_end_equity_curve,0.5818181818181818
combined_oos_descriptive,2021-2025,2,0.006,55,1.3951976832644042,0.7265451519516557,0.29922904374382453,0.07689396758147593,0.42731610820783117,0.6496511843701798,0.5338448066773263,-0.5420067940274219,period_end_equity_curve,0.5818181818181818
combined_oos_descriptive,2021-2025,3,0.0,55,1.9565959769536772,1.9565959769536772,0.29922904374382453,0.4967760403197856,1.6573669332098526,1.4598199366338915,0.945862645118553,-0.3806279096254759,period_end_equity_curve,0.6363636363636364
combined_oos_descriptive,2021-2025,3,0.002,55,1.9565959769536772,1.6528719438027806,0.29922904374382453,0.34150089341045997,1.353642900058956,1.3113710503923206,0.8665575570952335,-0.39237632811191847,period_end_equity_curve,0.6363636363636364
combined_oos_descriptive,2021-2025,3,0.004,55,1.9565959769536772,1.3798349365843903,0.29922904374382453,0.2020701189224905,1.0806058928405657,1.1777648176618998,0.787252469071914,-0.40392663824651687,period_end_equity_curve,0.6181818181818182
combined_oos_descriptive,2021-2025,3,0.006,55,1.9565959769536772,1.1344365592733054,0.29922904374382453,0.07689396758147593,0.8352075155294809,1.0575425916918295,0.7079473810485946,-0.4152817635337819,period_end_equity_curve,0.6181818181818182
combined_oos_descriptive,2021-2025,5,0.0,55,1.2431090749768288,1.2431090749768288,0.29922904374382453,0.4967760403197856,0.9438800312330042,0.7463330346570431,0.7887908002742651,-0.4034029614680227,period_end_equity_curve,0.6181818181818182
combined_oos_descriptive,2021-2025,5,0.002,55,1.2431090749768288,1.0117087617835794,0.29922904374382453,0.34150089341045997,0.7124797180397549,0.6702078683731194,0.7017963081526808,-0.4205874314334932,period_end_equity_curve,0.6181818181818182
combined_oos_descriptive,2021-2025,5,0.004,55,1.2431090749768288,0.8037873793427761,0.29922904374382453,0.2020701189224905,0.5045583355989516,0.6017172604202856,0.6148018160310962,-0.4379867063547157,period_end_equity_curve,0.6
combined_oos_descriptive,2021-2025,5,0.006,55,1.2431090749768288,0.6170026088552725,0.29922904374382453,0.07689396758147593,0.31777356511144794,0.5401086412737965,0.5278073239095118,-0.45533544159590056,period_end_equity_curve,0.6
combined_oos_descriptive,2021-2025,8,0.0,55,1.2907916966960657,1.2907916966960657,0.29922904374382453,0.4967760403197856,0.9915626529522412,0.7940156563762801,0.8444416380814088,-0.3365553739620456,period_end_equity_curve,0.6545454545454545
combined_oos_descriptive,2021-2025,8,0.002,55,1.2907916966960657,1.0546396536972047,0.29922904374382453,0.34150089341045997,0.7554106099533802,0.7131387602867447,0.751324763308464,-0.34902209572874765,period_end_equity_curve,0.6363636363636364
combined_oos_descriptive,2021-2025,8,0.004,55,1.2907916966960657,0.8424319684377182,0.29922904374382453,0.2020701189224905,0.5432029246938936,0.6403618495152277,0.6582078885355188,-0.3612804637554802,period_end_equity_curve,0.6
combined_oos_descriptive,2021-2025,8,0.006,55,1.2907916966960657,0.6517815301096006,0.29922904374382453,0.07689396758147593,0.3525524863657761,0.5748875625281247,0.5650910137625739,-0.3744518868766893,period_end_equity_curve,0.6
combined_oos_descriptive,2021-2025,10,0.0,55,0.9420809502830669,0.9420809502830669,0.29922904374382453,0.4967760403197856,0.6428519065392424,0.4453049099632813,0.7248472769284985,-0.3272125038743644,period_end_equity_curve,0.5818181818181818
combined_oos_descriptive,2021-2025,10,0.002,55,0.9420809502830669,0.741369273675824,0.29922904374382453,0.34150089341045997,0.4421402299319994,0.399868380265364,0.6268582364291481,-0.3403997647697734,period_end_equity_curve,0.5818181818181818
combined_oos_descriptive,2021-2025,10,0.004,55,0.9420809502830669,0.5610604562387025,0.29922904374382453,0.2020701189224905,0.26183141249487796,0.358990337316212,0.5288691959297979,-0.3605315785770037,period_end_equity_curve,0.5818181818181818
combined_oos_descriptive,2021-2025,10,0.006,55,0.9420809502830669,0.39911522662479393,0.29922904374382453,0.07689396758147593,0.0998861828809694,0.322221259043318,0.43088015543044744,-0.38008906307735013,period_end_equity_curve,0.5818181818181818
