time,symbol,open,high,low,close,volume
2020-01-02,VNINDEX,960.26,966.67,959.67,966.67,131579530
2020-01-03,VNINDEX,968.72,970.88,965.14,965.14,149095370
2020-01-06,VNINDEX,962.79,963.2,955.59,955.79,141000200
2020-01-07,VNINDEX,955.79,959.46,953.19,958.88,130272030
2020-01-08,VNINDEX,954.13,955.84,945.28,948.98,179374340
2020-01-09,VNINDEX,960.01,960.73,952.16,960.15,132370320
2020-01-10,VNINDEX,961.17,969.71,961.17,968.54,163058830
2020-01-13,VNINDEX,966.89,968.63,964.79,965.84,117952020
2020-01-14,VNINDEX,966.26,968.85,965.76,967.0,127784380
2020-01-15,VNINDEX,967.69,967.69,964.84,967.56,112455450
2020-01-16,VNINDEX,967.2,974.7,967.17,974.31,146756870
2020-01-17,VNINDEX,976.28,980.02,973.79,978.96,117216880
2020-01-20,VNINDEX,978.23,979.85,975.93,978.63,102398830
2020-01-21,VNINDEX,978.82,986.37,978.82,986.37,128887950
2020-01-22,VNINDEX,986.52,991.46,983.92,991.46,128966880
2020-01-30,VNINDEX,975.15,977.72,954.0,959.58,181385230
2020-01-31,VNINDEX,959.58,960.96,936.62,936.62,210630210
2020-02-03,VNINDEX,916.6,930.37,891.85,928.14,246408370
2020-02-04,VNINDEX,929.42,934.91,919.33,929.09,178000400
2020-02-05,VNINDEX,934.75,936.33,921.89,925.91,163682070
2020-02-06,VNINDEX,926.66,938.54,925.21,938.54,206129040
2020-02-07,VNINDEX,938.61,943.48,935.94,940.75,165020480
2020-02-10,VNINDEX,934.38,935.87,926.61,930.73,129573270
2020-02-11,VNINDEX,930.73,936.04,930.73,934.67,159265510
2020-02-12,VNINDEX,940.72,943.11,937.34,937.68,187439280
2020-02-13,VNINDEX,937.19,939.1,934.47,938.24,153479610
2020-02-14,VNINDEX,939.28,940.65,936.47,937.45,172195600
2020-02-17,VNINDEX,938.52,938.52,931.66,934.77,149349950
2020-02-18,VNINDEX,934.47,934.98,926.01,927.93,164327840
2020-02-19,VNINDEX,926.41,931.66,925.86,928.76,161003900
2020-02-20,VNINDEX,933.69,938.13,930.41,938.13,183636850
2020-02-21,VNINDEX,938.13,940.53,932.32,933.09,179503790
2020-02-24,VNINDEX,917.49,917.49,903.34,903.34,255965410
2020-02-25,VNINDEX,893.95,909.67,893.95,909.67,186008510
2020-02-26,VNINDEX,901.51,903.27,894.25,895.97,131173700
2020-02-27,VNINDEX,892.15,899.34,889.14,898.44,135468580
2020-02-28,VNINDEX,885.47,887.07,872.46,882.19,184315860
2020-03-02,VNINDEX,878.43,886.45,877.31,884.43,173927240
2020-03-03,VNINDEX,895.39,896.39,890.06,890.61,176373200
2020-03-04,VNINDEX,887.85,889.85,882.83,889.37,195439390
2020-03-05,VNINDEX,892.71,898.43,891.2,893.31,209158850
2020-03-06,VNINDEX,888.96,891.44,882.71,891.44,175600680
2020-03-09,VNINDEX,875.8,875.8,834.67,835.49,273180820
2020-03-10,VNINDEX,813.83,843.28,806.63,837.5,242825240
2020-03-11,VNINDEX,843.52,844.94,794.54,811.35,278303370
2020-03-12,VNINDEX,778.06,778.06,762.12,769.25,311344630
2020-03-13,VNINDEX,735.6,764.69,723.42,761.78,289011560
2020-03-16,VNINDEX,758.28,758.59,737.58,747.86,222784370
2020-03-17,VNINDEX,724.07,750.03,721.84,745.78,202420360
2020-03-18,VNINDEX,747.4,752.65,742.12,747.66,205460100
2020-03-19,VNINDEX,732.35,733.43,714.02,725.94,308921920
2020-03-20,VNINDEX,728.55,729.35,709.73,709.73,197474500
2020-03-23,VNINDEX,694.77,694.77,664.23,666.59,223310850
2020-03-24,VNINDEX,666.59,666.59,652.27,659.21,212661260
2020-03-25,VNINDEX,669.76,690.25,667.58,690.25,209923920
2020-03-26,VNINDEX,689.0,700.76,680.1,694.21,171216480
2020-03-27,VNINDEX,692.54,703.22,682.52,696.06,212339560
2020-03-30,VNINDEX,663.91,665.56,657.36,662.26,194282800
2020-03-31,VNINDEX,669.74,678.64,649.1,662.53,227893260
2020-04-01,VNINDEX,658.8,684.96,657.41,680.23,203313080
2020-04-03,VNINDEX,687.92,701.8,687.92,701.8,197918250
2020-04-06,VNINDEX,716.22,736.75,715.39,736.75,304964360
2020-04-07,VNINDEX,744.97,749.13,730.28,746.69,276556810
2020-04-08,VNINDEX,740.03,748.36,730.12,748.02,203416250
2020-04-09,VNINDEX,751.08,765.87,751.08,760.33,271131720
2020-04-10,VNINDEX,759.08,764.36,751.59,757.94,295263430
2020-04-13,VNINDEX,762.99,774.62,762.53,765.79,200195470
2020-04-14,VNINDEX,769.01,769.53,753.85,767.41,229143390
2020-04-15,VNINDEX,768.05,779.52,768.01,777.22,255468260
2020-04-16,VNINDEX,773.11,781.06,770.91,780.7,217009350
2020-04-17,VNINDEX,786.96,790.95,783.74,789.6,268469130
2020-04-20,VNINDEX,796.17,797.49,786.73,794.97,304592700
2020-04-21,VNINDEX,794.97,794.97,761.96,766.84,368523950
2020-04-22,VNINDEX,752.8,774.94,749.97,768.92,223471930
2020-04-23,VNINDEX,774.23,785.6,768.92,773.91,189376840
2020-04-24,VNINDEX,777.28,778.3,767.31,776.66,226072090
2020-04-27,VNINDEX,774.63,785.74,770.77,770.77,256843490
2020-04-28,VNINDEX,773.31,776.13,763.66,767.21,197231630
2020-04-29,VNINDEX,768.59,772.62,768.19,769.11,210867100
2020-05-04,VNINDEX,766.14,769.73,761.64,762.47,253967720
2020-05-05,VNINDEX,763.22,767.03,760.04,764.16,168997250
2020-05-06,VNINDEX,767.3,782.59,765.37,782.59,209914330
2020-05-07,VNINDEX,785.08,796.54,785.08,796.54,214433830
2020-05-08,VNINDEX,800.32,825.72,800.2,813.73,340156270
2020-05-11,VNINDEX,818.26,828.33,812.48,828.33,268927930
2020-05-12,VNINDEX,827.29,835.95,819.66,835.32,290069940
2020-05-13,VNINDEX,835.32,839.59,815.13,834.21,338667310
2020-05-14,VNINDEX,830.97,836.19,826.17,832.4,273950180
2020-05-15,VNINDEX,835.42,838.47,824.59,827.03,258289700
2020-05-18,VNINDEX,827.49,837.61,823.08,837.01,224260950
2020-05-19,VNINDEX,852.14,854.25,844.15,845.92,293801450
2020-05-20,VNINDEX,845.99,852.91,842.21,852.91,235672860
2020-05-21,VNINDEX,854.93,862.73,854.04,862.73,301190730
2020-05-22,VNINDEX,859.29,860.65,852.08,852.74,265002610
2020-05-25,VNINDEX,852.9,860.45,849.12,859.04,259643410
2020-05-26,VNINDEX,861.47,869.65,860.22,869.13,306464080
2020-05-27,VNINDEX,869.13,875.35,857.48,857.48,354487370
2020-05-28,VNINDEX,858.97,866.17,856.48,861.39,261439230
2020-05-29,VNINDEX,861.59,866.95,859.26,864.47,281746500
2020-06-01,VNINDEX,868.97,878.67,868.97,878.67,418333970
2020-06-02,VNINDEX,879.23,882.73,874.53,874.8,442308030
2020-06-03,VNINDEX,876.73,881.17,874.01,881.17,320477690
2020-06-04,VNINDEX,885.13,888.32,883.22,883.9,394395400
2020-06-05,VNINDEX,883.4,886.59,878.5,886.22,451411820
2020-06-08,VNINDEX,888.7,905.65,888.7,899.92,495328980
2020-06-09,VNINDEX,902.26,904.89,898.87,899.43,441465130
2020-06-10,VNINDEX,898.78,902.69,890.3,900.0,504626710
2020-06-11,VNINDEX,900.48,903.7,867.37,867.37,654053870
2020-06-12,VNINDEX,841.85,863.52,841.44,863.52,572679010
2020-06-15,VNINDEX,867.52,868.16,832.47,832.47,459678640
2020-06-16,VNINDEX,848.86,858.7,844.67,856.13,353019210
2020-06-17,VNINDEX,861.05,861.05,852.27,854.44,303643220
2020-06-18,VNINDEX,850.92,858.03,847.49,855.27,229136470
2020-06-19,VNINDEX,857.77,868.56,857.77,868.56,367478040
2020-06-22,VNINDEX,871.56,872.94,867.37,871.28,324563290
2020-06-23,VNINDEX,871.7,873.2,864.02,868.2,394462580
2020-06-24,VNINDEX,868.2,873.13,857.58,859.71,334410870
2020-06-25,VNINDEX,851.09,856.23,849.65,854.59,278753260
2020-06-26,VNINDEX,857.29,857.43,850.66,851.98,252034180
2020-06-29,VNINDEX,846.26,846.53,826.0,829.36,328226980
2020-06-30,VNINDEX,836.72,840.31,821.92,825.11,304132700
2020-07-01,VNINDEX,827.67,844.26,826.38,843.49,247253260
2020-07-02,VNINDEX,845.66,845.66,838.48,842.38,187693160
2020-07-03,VNINDEX,845.26,848.16,843.25,847.61,169175010
2020-07-06,VNINDEX,851.47,861.85,850.04,861.16,187498750
2020-07-07,VNINDEX,865.46,870.63,863.42,863.42,278262510
2020-07-08,VNINDEX,861.75,865.58,859.98,864.5,179303820
2020-07-09,VNINDEX,867.66,878.36,867.45,876.46,254182330
2020-07-10,VNINDEX,873.7,878.53,867.59,871.21,247699010
2020-07-13,VNINDEX,874.85,876.83,866.99,868.72,198111450
2020-07-14,VNINDEX,865.01,868.11,860.28,868.11,198600790
2020-07-15,VNINDEX,872.8,876.69,869.91,869.91,218679640
2020-07-16,VNINDEX,871.81,876.83,869.25,876.83,215558200
2020-07-17,VNINDEX,873.48,875.07,871.89,872.02,234247910
2020-07-20,VNINDEX,870.66,871.64,861.4,861.4,250555310
2020-07-21,VNINDEX,863.94,864.7,856.94,861.69,210821910
2020-07-22,VNINDEX,862.8,864.0,854.97,855.08,202616770
2020-07-23,VNINDEX,854.92,857.22,851.97,856.75,214187240
2020-07-24,VNINDEX,854.23,854.57,816.65,829.16,426554030
2020-07-27,VNINDEX,794.14,808.74,780.64,785.17,365261320
2020-07-28,VNINDEX,786.72,814.4,786.67,813.36,303573030
2020-07-29,VNINDEX,795.03,800.39,779.82,790.84,301569650
2020-07-30,VNINDEX,796.22,802.97,794.88,801.13,157092430
2020-07-31,VNINDEX,787.78,803.55,786.98,798.39,213294400
2020-08-03,VNINDEX,796.86,814.84,796.47,814.65,234882030
2020-08-04,VNINDEX,822.86,827.57,820.2,827.57,243436640
2020-08-05,VNINDEX,827.54,839.52,820.74,837.8,254370680
2020-08-06,VNINDEX,838.01,844.16,833.56,840.04,222988820
2020-08-07,VNINDEX,840.65,844.33,836.84,841.46,221256020
2020-08-10,VNINDEX,845.11,849.52,843.2,843.2,268468910
2020-08-11,VNINDEX,847.61,847.61,840.35,843.08,220702180
2020-08-12,VNINDEX,844.19,848.54,842.88,846.92,229773600
2020-08-13,VNINDEX,849.96,855.19,849.86,855.05,227436170
2020-08-14,VNINDEX,854.29,860.32,848.38,850.74,274499020
2020-08-17,VNINDEX,848.08,852.05,841.62,850.15,208147190
2020-08-18,VNINDEX,850.15,851.06,845.0,846.43,178404950
2020-08-19,VNINDEX,847.19,853.15,846.22,851.21,208475560
2020-08-20,VNINDEX,851.21,856.99,847.44,848.21,226149990
2020-08-21,VNINDEX,849.99,856.45,849.69,854.78,256184180
2020-08-24,VNINDEX,860.35,868.68,860.35,868.68,335603410
2020-08-25,VNINDEX,870.92,877.57,870.92,874.12,330333470
2020-08-26,VNINDEX,873.62,876.97,871.78,873.47,312823030
2020-08-27,VNINDEX,872.38,875.71,871.93,874.71,272376220
2020-08-28,VNINDEX,881.54,885.86,877.7,878.98,317005440
2020-08-31,VNINDEX,882.13,888.44,879.26,881.65,323244390
2020-09-01,VNINDEX,882.15,892.51,880.79,891.73,274394650
2020-09-03,VNINDEX,898.25,904.32,896.26,903.97,311653630
2020-09-04,VNINDEX,896.02,903.11,893.86,901.54,303593880
2020-09-07,VNINDEX,903.85,905.8,888.25,888.25,370574490
2020-09-08,VNINDEX,891.61,894.58,884.88,890.14,256864330
2020-09-09,VNINDEX,883.68,892.4,881.57,889.32,272622260
2020-09-10,VNINDEX,895.29,896.78,888.82,888.82,276905000
2020-09-11,VNINDEX,888.82,890.98,884.67,888.97,262104080
2020-09-14,VNINDEX,891.89,895.31,891.89,894.57,310427650
2020-09-15,VNINDEX,898.52,898.74,894.66,896.26,332459520
2020-09-16,VNINDEX,897.43,897.58,894.63,897.47,255058370
2020-09-17,VNINDEX,897.47,899.41,890.93,894.04,360663950
2020-09-18,VNINDEX,896.08,902.11,895.82,900.95,292809860
2020-09-21,VNINDEX,904.5,909.78,904.5,907.94,337085180
2020-09-22,VNINDEX,905.9,909.69,902.47,906.19,355442560
2020-09-23,VNINDEX,908.97,913.52,908.97,912.5,309473980
2020-09-24,VNINDEX,910.53,914.51,907.32,908.58,343099440
2020-09-25,VNINDEX,910.78,911.3,905.56,908.27,313418660
2020-09-28,VNINDEX,911.2,913.6,910.04,912.5,365358700
2020-09-29,VNINDEX,916.63,917.49,903.98,903.98,438172690
2020-09-30,VNINDEX,904.34,907.0,900.44,905.21,294760200
2020-10-01,VNINDEX,910.13,914.09,909.13,914.09,317058100
2020-10-02,VNINDEX,914.09,916.67,897.72,909.91,483638030
2020-10-05,VNINDEX,913.77,915.55,910.96,914.68,407208880
2020-10-06,VNINDEX,918.11,918.93,912.77,915.67,456944920
2020-10-07,VNINDEX,913.62,923.57,912.69,919.72,480384680
2020-10-08,VNINDEX,922.08,922.08,913.89,918.84,426417410
2020-10-09,VNINDEX,919.48,924.0,917.7,924.0,327564900
2020-10-12,VNINDEX,930.78,933.13,923.28,925.83,395923540
2020-10-13,VNINDEX,926.76,930.96,923.78,929.86,307905690
2020-10-14,VNINDEX,931.89,940.18,931.89,940.18,366740820
2020-10-15,VNINDEX,945.28,945.93,938.7,942.76,418039070
2020-10-16,VNINDEX,944.03,946.23,935.98,943.3,376214380
2020-10-19,VNINDEX,945.01,946.29,941.92,943.69,337193640
2020-10-20,VNINDEX,941.0,944.54,937.32,944.42,365067740
2020-10-21,VNINDEX,947.16,948.2,939.0,939.03,353904170
2020-10-22,VNINDEX,938.06,949.9,933.78,949.9,298972610
2020-10-23,VNINDEX,953.45,961.26,953.14,961.26,370461040
2020-10-26,VNINDEX,967.52,970.15,950.8,950.8,379914380
2020-10-27,VNINDEX,950.8,954.72,946.28,946.47,387034170
2020-10-28,VNINDEX,942.82,946.91,921.05,921.05,407659250
2020-10-29,VNINDEX,918.56,925.84,914.33,919.08,336614810
2020-10-30,VNINDEX,925.41,926.32,911.2,925.47,280753410
2020-11-02,VNINDEX,926.09,933.68,924.14,933.68,260733400
2020-11-03,VNINDEX,936.73,937.57,932.18,935.41,281735400
2020-11-04,VNINDEX,935.41,943.56,933.86,939.76,310903070
2020-11-05,VNINDEX,940.32,945.51,937.75,937.75,254777110
2020-11-06,VNINDEX,939.73,941.2,934.63,938.29,232768190
2020-11-09,VNINDEX,942.15,951.99,942.15,951.99,352182900
2020-11-10,VNINDEX,962.68,963.47,951.9,951.9,398473090
2020-11-11,VNINDEX,954.46,956.65,947.61,952.22,334146980
2020-11-12,VNINDEX,953.97,959.28,953.62,959.28,301718780
2020-11-13,VNINDEX,959.56,966.29,959.13,966.29,398286010
2020-11-16,VNINDEX,970.11,972.98,950.5,950.79,449713430
2020-11-17,VNINDEX,955.52,968.9,953.22,968.9,352793810
2020-11-18,VNINDEX,969.48,974.3,966.32,973.53,419396590
2020-11-19,VNINDEX,975.32,983.26,974.33,983.26,442256890
2020-11-20,VNINDEX,984.71,990.0,980.72,990.0,443915920
2020-11-23,VNINDEX,991.87,995.9,985.38,994.19,418883570
2020-11-24,VNINDEX,996.55,997.99,984.92,995.76,474679040
2020-11-25,VNINDEX,1000.39,1002.31,996.8,999.94,412154600
2020-11-26,VNINDEX,999.24,1005.97,994.91,1005.97,385966160
2020-11-27,VNINDEX,1006.68,1010.22,1004.0,1010.22,357083210
2020-11-30,VNINDEX,1011.82,1012.5,1002.61,1003.08,418685700
2020-12-01,VNINDEX,988.71,1008.87,988.71,1008.87,506748910
2020-12-02,VNINDEX,1008.77,1015.86,1007.91,1014.32,452902730
2020-12-03,VNINDEX,1016.73,1020.35,1014.06,1019.8,470284130
2020-12-04,VNINDEX,1019.8,1025.17,1018.67,1021.49,499369940
2020-12-07,VNINDEX,1024.34,1030.41,1022.14,1029.98,443253830
2020-12-08,VNINDEX,1029.98,1032.58,1025.63,1029.26,473258150
2020-12-09,VNINDEX,1029.26,1039.55,1029.26,1039.13,528189450
2020-12-10,VNINDEX,1041.65,1044.1,1030.91,1030.91,521392980
2020-12-11,VNINDEX,1033.19,1045.96,1030.06,1045.96,388403650
2020-12-14,VNINDEX,1048.97,1064.09,1048.97,1064.09,473127510
2020-12-15,VNINDEX,1062.02,1067.45,1052.01,1055.27,581187020
2020-12-16,VNINDEX,1058.34,1066.99,1057.21,1066.99,531052590
2020-12-17,VNINDEX,1058.63,1062.62,1051.42,1051.77,599499660
2020-12-18,VNINDEX,1055.75,1068.56,1055.75,1067.46,529285330
2020-12-21,VNINDEX,1071.62,1081.6,1070.86,1081.08,628141660
2020-12-22,VNINDEX,1081.85,1084.23,1077.06,1083.45,662913420
2020-12-23,VNINDEX,1087.89,1094.09,1077.92,1078.9,713217250
2020-12-24,VNINDEX,1083.83,1084.76,1046.89,1067.52,659391590
2020-12-25,VNINDEX,1068.83,1084.42,1061.83,1084.42,565373760
2020-12-28,VNINDEX,1094.37,1096.11,1083.9,1091.33,635313770
2020-12-29,VNINDEX,1090.49,1102.79,1087.93,1099.49,586339480
2020-12-30,VNINDEX,1099.78,1108.83,1094.91,1097.54,588541630
2020-12-31,VNINDEX,1098.25,1105.33,1096.27,1103.87,473541170
2021-01-04,VNINDEX,1113.77,1126.43,1113.59,1120.47,670280100
2021-01-05,VNINDEX,1116.96,1134.45,1116.49,1132.55,673728400
2021-01-06,VNINDEX,1139.12,1152.85,1133.7,1143.21,688438500
2021-01-07,VNINDEX,1147.26,1156.49,1143.44,1156.49,685553900
2021-01-08,VNINDEX,1164.1,1176.33,1160.48,1167.69,726084300
2021-01-11,VNINDEX,1176.47,1186.45,1175.0,1184.89,737563100
2021-01-12,VNINDEX,1190.38,1192.28,1179.24,1192.28,643621500
2021-01-13,VNINDEX,1197.32,1200.82,1183.18,1186.05,710219700
2021-01-14,VNINDEX,1189.48,1190.5,1178.84,1187.4,709253600
2021-01-15,VNINDEX,1188.84,1197.74,1188.84,1194.2,715687900
2021-01-18,VNINDEX,1198.79,1200.85,1190.33,1191.94,677474100
2021-01-19,VNINDEX,1189.91,1189.91,1117.17,1131.0,888174700
2021-01-20,VNINDEX,1136.5,1142.48,1098.05,1134.68,769795300
2021-01-21,VNINDEX,1146.86,1164.21,1132.66,1164.21,639454800
2021-01-22,VNINDEX,1166.77,1175.72,1161.43,1166.78,691689100
2021-01-25,VNINDEX,1164.2,1172.18,1162.8,1166.05,639736600
2021-01-26,VNINDEX,1164.97,1164.97,1121.03,1136.12,719767100
2021-01-27,VNINDEX,1122.41,1132.99,1088.86,1097.17,719150000
2021-01-28,VNINDEX,1041.71,1052.16,1022.77,1023.94,669631000
2021-01-29,VNINDEX,998.33,1076.11,998.33,1056.61,714102800
2021-02-01,VNINDEX,1056.61,1074.52,1035.51,1035.51,565564800
2021-02-02,VNINDEX,1036.95,1075.53,1029.36,1075.53,529632600
2021-02-03,VNINDEX,1084.87,1113.24,1082.95,1111.29,609128600
2021-02-04,VNINDEX,1112.97,1117.88,1098.85,1112.19,449954100
2021-02-05,VNINDEX,1114.79,1126.91,1112.19,1126.91,438884200
2021-02-08,VNINDEX,1127.06,1127.06,1075.1,1083.18,613138900
2021-02-09,VNINDEX,1090.88,1114.93,1078.98,1114.93,462098700
2021-02-17,VNINDEX,1127.46,1155.78,1127.46,1155.78,484219600
2021-02-18,VNINDEX,1157.1,1174.38,1148.66,1174.38,562444200
2021-02-19,VNINDEX,1160.65,1178.18,1157.6,1173.5,522199200
2021-02-22,VNINDEX,1173.57,1182.67,1169.12,1175.04,544725500
2021-02-23,VNINDEX,1174.57,1184.32,1168.32,1177.64,547654100
2021-02-24,VNINDEX,1184.32,1185.58,1154.36,1162.01,547876300
2021-02-25,VNINDEX,1169.97,1169.97,1155.74,1165.43,470045900
2021-02-26,VNINDEX,1148.88,1169.28,1148.88,1168.47,508201200
2021-03-01,VNINDEX,1176.93,1186.82,1174.45,1186.17,575763900
2021-03-02,VNINDEX,1196.16,1196.16,1181.99,1186.61,513786800
2021-03-03,VNINDEX,1184.73,1189.18,1180.25,1186.95,565135800
2021-03-04,VNINDEX,1191.78,1191.9,1159.48,1168.52,614464500
2021-03-05,VNINDEX,1164.19,1169.56,1155.6,1168.69,539078500
2021-03-08,VNINDEX,1180.33,1181.25,1164.02,1168.27,610284000
2021-03-09,VNINDEX,1160.96,1166.42,1150.94,1161.97,577091500
2021-03-10,VNINDEX,1163.86,1170.59,1154.89,1170.08,548935700
2021-03-11,VNINDEX,1170.08,1183.73,1170.08,1181.73,569875500
2021-03-12,VNINDEX,1185.21,1186.52,1178.14,1181.56,572921600
2021-03-15,VNINDEX,1183.89,1186.06,1178.8,1184.56,618373300
2021-03-16,VNINDEX,1184.91,1184.91,1171.76,1179.9,609049000
2021-03-17,VNINDEX,1178.64,1186.09,1176.26,1186.09,629310900
2021-03-18,VNINDEX,1196.6,1200.94,1191.94,1200.94,555529500
2021-03-19,VNINDEX,1195.47,1199.67,1191.96,1194.05,583286900
2021-03-22,VNINDEX,1200.05,1200.21,1189.31,1194.43,608555500
2021-03-23,VNINDEX,1190.28,1191.47,1177.1,1183.45,626594800
2021-03-24,VNINDEX,1169.42,1174.2,1154.22,1161.81,633107300
2021-03-25,VNINDEX,1164.41,1170.76,1154.44,1163.1,592884200
2021-03-26,VNINDEX,1162.71,1165.76,1137.9,1162.21,612775600
2021-03-29,VNINDEX,1169.65,1175.77,1165.78,1175.68,576722900
2021-03-30,VNINDEX,1179.64,1187.29,1172.85,1186.36,682885100
2021-03-31,VNINDEX,1186.36,1196.45,1186.36,1191.44,652432200
2021-04-01,VNINDEX,1194.59,1217.26,1192.83,1216.1,617974300
2021-04-02,VNINDEX,1225.76,1228.29,1221.07,1224.45,590027100
2021-04-05,VNINDEX,1245.28,1245.28,1228.18,1236.05,614658300
2021-04-06,VNINDEX,1233.37,1244.63,1231.14,1239.96,636394100
2021-04-07,VNINDEX,1237.39,1242.38,1232.52,1242.38,658286800
2021-04-08,VNINDEX,1242.38,1246.4,1232.26,1234.89,617808800
2021-04-09,VNINDEX,1231.51,1234.98,1227.6,1231.66,638997900
2021-04-12,VNINDEX,1236.79,1252.45,1232.35,1252.45,830823700
2021-04-13,VNINDEX,1262.44,1268.02,1247.66,1248.33,950518900
2021-04-14,VNINDEX,1240.9,1255.87,1233.01,1255.87,788216400
2021-04-15,VNINDEX,1262.25,1265.87,1247.25,1247.25,741312300
2021-04-16,VNINDEX,1245.06,1254.61,1227.14,1238.71,920678200
2021-04-19,VNINDEX,1243.58,1260.58,1233.77,1260.58,741859400
2021-04-20,VNINDEX,1267.74,1286.32,1261.28,1268.28,746192400
2021-04-22,VNINDEX,1264.31,1271.98,1227.82,1227.82,699782600
2021-04-23,VNINDEX,1227.18,1248.53,1216.15,1248.53,652051800
2021-04-26,VNINDEX,1251.25,1251.25,1214.14,1215.77,661919500
2021-04-27,VNINDEX,1213.84,1220.96,1204.14,1219.75,522912500
2021-04-28,VNINDEX,1220.26,1230.91,1217.49,1229.55,566130400
2021-04-29,VNINDEX,1234.91,1239.39,1231.25,1239.39,591216700
2021-05-04,VNINDEX,1222.08,1242.8,1212.56,1242.2,687879600
2021-05-05,VNINDEX,1244.69,1265.93,1244.69,1256.43,656695400
2021-05-06,VNINDEX,1255.42,1261.49,1246.64,1250.57,643017200
2021-05-07,VNINDEX,1245.48,1250.5,1231.92,1241.81,718314800
2021-05-10,VNINDEX,1239.96,1259.58,1236.85,1259.58,701147100
2021-05-11,VNINDEX,1265.11,1272.55,1256.04,1256.04,678077300
2021-05-12,VNINDEX,1251.97,1269.09,1249.18,1269.09,636352400
2021-05-13,VNINDEX,1262.98,1273.49,1261.99,1261.99,654225600
2021-05-14,VNINDEX,1266.43,1271.45,1259.97,1266.36,648712400
2021-05-17,VNINDEX,1272.55,1277.83,1258.5,1258.7,674186900
2021-05-18,VNINDEX,1259.57,1262.22,1249.02,1252.68,635896900
2021-05-19,VNINDEX,1254.78,1262.71,1250.58,1262.49,625623500
2021-05-20,VNINDEX,1264.62,1278.22,1255.78,1278.22,683043500
2021-05-21,VNINDEX,1272.84,1289.03,1268.46,1283.93,626704900
2021-05-24,VNINDEX,1287.5,1299.83,1287.36,1297.98,641854700
2021-05-25,VNINDEX,1299.19,1308.58,1297.23,1308.58,617120500
2021-05-26,VNINDEX,1308.04,1317.3,1304.68,1316.7,660896200
2021-05-27,VNINDEX,1318.42,1319.67,1299.99,1303.57,666986400
2021-05-28,VNINDEX,1307.79,1323.09,1300.06,1320.46,704736300
2021-05-31,VNINDEX,1326.65,1328.05,1307.56,1328.05,686089600
2021-06-01,VNINDEX,1329.47,1346.34,1328.84,1337.78,585998900
2021-06-02,VNINDEX,1337.78,1344.98,1330.82,1340.78,743586200
2021-06-03,VNINDEX,1345.21,1366.0,1345.21,1364.28,842889800
2021-06-04,VNINDEX,1367.06,1374.05,1360.42,1374.05,874131500
2021-06-07,VNINDEX,1374.59,1375.74,1347.21,1358.78,828123200
2021-06-08,VNINDEX,1355.36,1364.48,1318.11,1319.88,859332400
2021-06-09,VNINDEX,1323.52,1339.14,1312.08,1332.9,752808200
2021-06-10,VNINDEX,1332.9,1336.71,1317.49,1323.58,667770700
2021-06-11,VNINDEX,1326.79,1352.47,1322.08,1351.74,696720700
2021-06-14,VNINDEX,1352.73,1368.53,1352.73,1361.72,706965800
2021-06-15,VNINDEX,1361.58,1372.72,1356.59,1367.36,696896400
2021-06-16,VNINDEX,1363.85,1370.14,1350.73,1356.52,733597200
2021-06-17,VNINDEX,1341.06,1364.55,1337.49,1359.92,705807300
2021-06-18,VNINDEX,1366.19,1377.77,1363.52,1377.77,743046800
2021-06-21,VNINDEX,1373.59,1381.74,1367.85,1372.63,724919500
2021-06-22,VNINDEX,1380.84,1385.98,1375.0,1379.97,686837800
2021-06-23,VNINDEX,1383.15,1388.33,1372.06,1376.87,636933200
2021-06-24,VNINDEX,1376.87,1384.71,1372.99,1379.72,531324500
2021-06-25,VNINDEX,1382.11,1390.12,1372.8,1390.12,511420300
2021-06-28,VNINDEX,1397.96,1406.02,1390.56,1405.81,645842300
2021-06-29,VNINDEX,1408.34,1416.34,1406.87,1410.04,599995500
2021-06-30,VNINDEX,1410.83,1419.61,1408.18,1408.55,523401100
2021-07-01,VNINDEX,1412.15,1417.27,1402.18,1417.08,689994700
2021-07-02,VNINDEX,1422.89,1424.28,1415.82,1420.27,640414600
2021-07-05,VNINDEX,1411.13,1421.52,1394.12,1411.13,765943500
2021-07-06,VNINDEX,1411.13,1418.99,1354.79,1354.79,765555500
2021-07-07,VNINDEX,1354.79,1388.55,1334.88,1388.55,725684700
2021-07-08,VNINDEX,1388.55,1388.55,1363.92,1374.68,521754500
2021-07-09,VNINDEX,1374.68,1374.68,1335.9,1347.14,707063900
2021-07-12,VNINDEX,1347.14,1347.14,1270.06,1296.3,900010700
2021-07-13,VNINDEX,1296.3,1307.73,1278.3,1297.54,493260200
2021-07-14,VNINDEX,1297.54,1305.37,1264.68,1279.91,541751600
2021-07-15,VNINDEX,1279.91,1299.18,1270.77,1293.92,413941000
2021-07-16,VNINDEX,1293.92,1304.37,1293.92,1299.31,410314600
2021-07-19,VNINDEX,1299.31,1299.31,1237.79,1243.51,665733700
2021-07-20,VNINDEX,1243.51,1273.29,1225.52,1273.29,532555600
2021-07-21,VNINDEX,1273.29,1284.33,1266.71,1270.79,391119000
2021-07-22,VNINDEX,1270.79,1294.16,1266.54,1293.67,486962100
2021-07-23,VNINDEX,1293.67,1295.63,1268.83,1268.83,544429400
2021-07-26,VNINDEX,1268.83,1277.33,1254.57,1272.71,454862700
2021-07-27,VNINDEX,1272.71,1288.35,1272.71,1276.93,513020600
2021-07-28,VNINDEX,1276.93,1281.17,1271.78,1277.07,355190400
2021-07-29,VNINDEX,1277.07,1293.6,1277.07,1293.6,438103100
2021-07-30,VNINDEX,1293.6,1311.97,1293.6,1310.05,609027100
2021-08-02,VNINDEX,1310.05,1322.35,1304.49,1314.22,578784400
2021-08-03,VNINDEX,1314.22,1332.44,1314.22,1332.44,607397800
2021-08-04,VNINDEX,1332.44,1340.76,1328.4,1334.74,614173100
2021-08-05,VNINDEX,1334.74,1346.62,1326.8,1345.55,575015000
2021-08-06,VNINDEX,1345.55,1351.85,1341.45,1341.45,666046400
2021-08-09,VNINDEX,1341.45,1361.12,1334.69,1359.86,624857600
2021-08-10,VNINDEX,1359.86,1370.35,1358.12,1362.43,666359800
2021-08-11,VNINDEX,1362.43,1374.03,1357.79,1357.79,761972900
2021-08-12,VNINDEX,1357.79,1365.01,1353.05,1353.05,710090200
2021-08-13,VNINDEX,1353.05,1357.41,1336.74,1357.05,713712000
2021-08-16,VNINDEX,1357.05,1372.33,1357.05,1370.96,793990600
2021-08-17,VNINDEX,1370.96,1379.7,1359.11,1363.09,727641800
2021-08-18,VNINDEX,1363.09,1370.5,1355.83,1360.94,636257800
2021-08-19,VNINDEX,1360.94,1374.85,1352.94,1374.85,647948200
2021-08-20,VNINDEX,1374.85,1374.85,1317.52,1329.43,1165664100
2021-08-23,VNINDEX,1329.43,1326.07,1298.86,1298.86,761345100
2021-08-24,VNINDEX,1298.86,1307.56,1289.16,1298.74,638238200
2021-08-25,VNINDEX,1298.74,1309.8,1291.7,1309.55,472111500
2021-08-26,VNINDEX,1309.55,1316.26,1295.77,1301.12,492665900
2021-08-27,VNINDEX,1301.12,1313.2,1285.16,1313.2,625254800
2021-08-30,VNINDEX,1313.2,1329.62,1313.2,1328.14,626412100
2021-08-31,VNINDEX,1328.14,1336.14,1325.69,1331.47,701548700
2021-09-01,VNINDEX,1331.47,1338.02,1328.13,1334.65,667074200
2021-09-06,VNINDEX,1334.65,1348.36,1334.65,1346.39,874672600
2021-09-07,VNINDEX,1346.39,1353.66,1340.32,1341.9,832845900
2021-09-08,VNINDEX,1341.9,1344.49,1328.35,1333.61,582036600
2021-09-09,VNINDEX,1333.61,1345.59,1332.67,1343.98,568663500
2021-09-10,VNINDEX,1343.98,1350.43,1343.98,1345.31,533105300
2021-09-13,VNINDEX,1345.31,1350.69,1340.5,1341.43,722319500
2021-09-14,VNINDEX,1341.43,1349.13,1336.84,1339.7,672819500
2021-09-15,VNINDEX,1339.7,1347.7,1334.97,1345.83,625538600
2021-09-16,VNINDEX,1345.83,1353.12,1341.23,1345.87,550023100
2021-09-17,VNINDEX,1345.87,1356.45,1345.87,1352.64,785574800
2021-09-20,VNINDEX,1352.64,1365.92,1349.18,1350.48,821369200
2021-09-21,VNINDEX,1350.48,1350.48,1324.82,1339.84,796167300
2021-09-22,VNINDEX,1339.84,1350.71,1336.63,1350.68,707468700
2021-09-23,VNINDEX,1350.68,1361.09,1350.43,1352.76,941137100
2021-09-24,VNINDEX,1352.76,1356.97,1348.07,1351.17,613583200
2021-09-27,VNINDEX,1351.17,1354.38,1324.99,1324.99,704752900
2021-09-28,VNINDEX,1324.99,1341.81,1316.41,1339.31,569826500
2021-09-29,VNINDEX,1339.31,1340.9,1328.17,1339.21,547814000
2021-09-30,VNINDEX,1339.21,1348.89,1339.21,1342.06,423750600
2021-10-01,VNINDEX,1342.06,1344.06,1332.97,1334.89,586980600
2021-10-04,VNINDEX,1334.89,1347.49,1333.53,1339.54,684922300
2021-10-05,VNINDEX,1339.54,1354.63,1339.54,1354.63,558376400
2021-10-06,VNINDEX,1354.63,1362.82,1354.63,1362.82,576985600
2021-10-07,VNINDEX,1362.82,1367.64,1360.57,1365.99,642146400
2021-10-08,VNINDEX,1365.99,1373.18,1365.93,1372.73,583226400
2021-10-11,VNINDEX,1372.73,1394.64,1372.73,1394.09,697518700
2021-10-12,VNINDEX,1394.09,1400.78,1389.43,1394.8,683357500
2021-10-13,VNINDEX,1394.8,1400.67,1389.61,1391.91,582912400
2021-10-14,VNINDEX,1391.91,1398.67,1388.89,1391.85,671090900
2021-10-15,VNINDEX,1391.85,1399.03,1388.0,1392.7,711550400
2021-10-18,VNINDEX,1392.7,1402.63,1390.88,1395.53,741454800
2021-10-19,VNINDEX,1395.53,1399.66,1388.95,1395.33,583394100
2021-10-20,VNINDEX,1395.33,1401.76,1376.15,1393.8,775436500
2021-10-21,VNINDEX,1393.8,1398.45,1384.77,1384.77,660491700
2021-10-22,VNINDEX,1384.77,1393.7,1384.77,1389.24,723134800
2021-10-25,VNINDEX,1389.24,1395.72,1385.4,1385.4,842037500
2021-10-26,VNINDEX,1385.4,1393.03,1377.56,1391.63,667788500
2021-10-27,VNINDEX,1391.63,1423.02,1391.63,1423.02,833096300
2021-10-28,VNINDEX,1423.02,1440.64,1420.42,1438.01,795476100
2021-10-29,VNINDEX,1438.01,1447.62,1432.19,1444.27,904699600
2021-11-01,VNINDEX,1444.27,1451.81,1435.57,1438.97,1052909000
2021-11-02,VNINDEX,1438.97,1452.46,1438.83,1452.46,942151100
2021-11-03,VNINDEX,1452.46,1463.63,1440.67,1444.3,1412338600
2021-11-04,VNINDEX,1444.3,1451.98,1435.84,1448.34,863608400
2021-11-05,VNINDEX,1448.34,1459.93,1444.51,1456.51,814437100
2021-11-08,VNINDEX,1456.51,1470.49,1456.51,1467.57,972340900
2021-11-09,VNINDEX,1467.57,1474.2,1457.57,1461.5,971430000
2021-11-10,VNINDEX,1461.5,1470.19,1457.98,1465.02,926684900
2021-11-11,VNINDEX,1465.02,1472.89,1449.18,1462.35,1172790500
2021-11-12,VNINDEX,1462.35,1474.98,1453.22,1473.37,881068600
2021-11-15,VNINDEX,1473.37,1481.96,1466.01,1476.57,1115831700
2021-11-16,VNINDEX,1476.57,1476.97,1459.08,1466.45,1126970500
2021-11-17,VNINDEX,1466.45,1477.04,1464.78,1475.85,801112100
2021-11-18,VNINDEX,1475.85,1482.68,1469.83,1469.83,1018526500
2021-11-19,VNINDEX,1469.83,1481.53,1434.69,1452.35,1454744900
2021-11-22,VNINDEX,1452.35,1466.46,1442.85,1447.25,1179261600
2021-11-23,VNINDEX,1447.25,1463.63,1438.41,1463.63,812872100
2021-11-24,VNINDEX,1463.63,1491.05,1463.63,1488.87,1030950500
2021-11-25,VNINDEX,1488.87,1505.36,1488.87,1500.81,912165600
2021-11-26,VNINDEX,1500.81,1511.68,1488.83,1493.03,967912000
2021-11-29,VNINDEX,1493.03,1493.03,1464.83,1484.84,936276500
2021-11-30,VNINDEX,1484.84,1503.09,1471.57,1478.44,1010078900
2021-12-01,VNINDEX,1478.44,1487.68,1471.3,1485.19,813267800
2021-12-02,VNINDEX,1485.19,1493.84,1482.05,1482.05,721589500
2021-12-03,VNINDEX,1482.05,1491.2,1443.32,1443.32,998875400
2021-12-06,VNINDEX,1443.32,1452.55,1400.87,1413.58,978214400
2021-12-07,VNINDEX,1413.58,1446.77,1413.58,1446.77,664287400
2021-12-08,VNINDEX,1446.77,1460.28,1446.77,1452.87,711759600
2021-12-09,VNINDEX,1452.87,1467.98,1446.88,1467.98,611970400
2021-12-10,VNINDEX,1467.98,1475.85,1461.78,1463.54,760375600
2021-12-13,VNINDEX,1463.54,1481.7,1463.54,1476.21,789945400
2021-12-14,VNINDEX,1476.21,1485.14,1469.21,1476.02,888205600
2021-12-15,VNINDEX,1476.02,1481.67,1468.21,1475.5,840610100
2021-12-16,VNINDEX,1475.5,1482.32,1468.95,1476.61,870245300
2021-12-17,VNINDEX,1476.61,1487.73,1476.61,1479.79,1035566100
2021-12-20,VNINDEX,1479.79,1483.85,1468.88,1477.33,886732500
2021-12-21,VNINDEX,1477.33,1486.03,1472.43,1478.74,838294200
2021-12-22,VNINDEX,1478.74,1489.24,1471.84,1477.67,998640700
2021-12-23,VNINDEX,1477.67,1481.21,1447.14,1456.96,1236789400
2021-12-24,VNINDEX,1456.96,1478.8,1456.32,1477.03,830953100
2021-12-27,VNINDEX,1477.03,1490.12,1469.91,1488.88,693941300
2021-12-28,VNINDEX,1488.88,1499.77,1483.97,1494.39,906771600
2021-12-29,VNINDEX,1494.39,1498.91,1485.82,1485.82,769725300
2021-12-30,VNINDEX,1490.96,1493.38,1484.82,1485.97,697130800
2021-12-31,VNINDEX,1485.97,1499.07,1485.97,1498.28,807120700
2022-01-04,VNINDEX,1508.55,1526.69,1507.19,1525.58,790467000
2022-01-05,VNINDEX,1525.58,1535.82,1522.5,1522.5,958500400
2022-01-06,VNINDEX,1522.5,1536.24,1518.18,1528.57,1049960600
2022-01-07,VNINDEX,1534.1,1534.52,1524.96,1528.48,925633800
2022-01-10,VNINDEX,1528.48,1536.45,1503.71,1503.71,1283743700
2022-01-11,VNINDEX,1503.71,1512.05,1488.4,1492.31,1194709000
2022-01-12,VNINDEX,1489.11,1510.51,1464.49,1510.51,1070503500
2022-01-13,VNINDEX,1510.51,1522.6,1495.13,1496.05,941991300
2022-01-14,VNINDEX,1496.05,1503.25,1476.68,1496.02,712911900
2022-01-17,VNINDEX,1496.02,1503.86,1452.84,1452.84,888508000
2022-01-18,VNINDEX,1439.29,1452.14,1424.65,1438.94,666313500
2022-01-19,VNINDEX,1438.68,1449.11,1434.46,1442.79,538507600
2022-01-20,VNINDEX,1438.99,1469.08,1432.58,1465.3,738010400
2022-01-21,VNINDEX,1465.3,1477.09,1463.06,1472.89,755353500
2022-01-24,VNINDEX,1472.89,1472.89,1432.18,1439.71,757646100
2022-01-25,VNINDEX,1439.71,1479.58,1424.36,1479.58,680083800
2022-01-26,VNINDEX,1479.58,1490.45,1478.41,1481.58,737216700
2022-01-27,VNINDEX,1481.58,1486.39,1464.06,1470.76,498256400
2022-01-28,VNINDEX,1470.76,1484.48,1465.22,1478.96,634887600
2022-02-07,VNINDEX,1498.8,1505.69,1493.89,1497.66,516533800
2022-02-08,VNINDEX,1496.26,1503.33,1491.78,1500.99,660158600
2022-02-09,VNINDEX,1501.67,1511.72,1499.53,1505.38,722161500
2022-02-10,VNINDEX,1510.66,1512.88,1495.7,1506.79,594347700
2022-02-11,VNINDEX,1502.83,1508.54,1499.06,1501.71,550204700
2022-02-14,VNINDEX,1486.73,1495.99,1471.96,1471.96,717396000
2022-02-15,VNINDEX,1473.92,1495.56,1470.06,1492.75,538527000
2022-02-16,VNINDEX,1499.07,1499.5,1486.68,1492.1,594459500
2022-02-17,VNINDEX,1492.1,1507.99,1492.1,1507.99,687250992
2022-02-18,VNINDEX,1494.3,1507.29,1492.38,1504.84,645883900
2022-02-21,VNINDEX,1504.96,1516.63,1500.97,1510.84,708058800
2022-02-22,VNINDEX,1499.18,1506.38,1484.81,1503.47,842552800
2022-02-23,VNINDEX,1509.12,1520.78,1507.37,1512.3,628763100
2022-02-24,VNINDEX,1508.73,1513.25,1473.76,1494.85,1085759500
2022-02-25,VNINDEX,1494.85,1512.05,1494.85,1498.89,915975659
2022-02-28,VNINDEX,1499.43,1502.36,1487.57,1490.13,661415000
2022-03-01,VNINDEX,1493.93,1501.73,1491.48,1498.78,766211100
2022-03-02,VNINDEX,1499.37,1500.41,1479.55,1485.52,870952300
2022-03-03,VNINDEX,1492.48,1505.0,1487.69,1505.0,858871000
2022-03-04,VNINDEX,1505.0,1509.19,1501.39,1505.33,1112602915
2022-03-07,VNINDEX,1500.65,1505.32,1493.87,1499.05,907794900
2022-03-08,VNINDEX,1487.37,1495.97,1473.71,1473.71,952541400
2022-03-09,VNINDEX,1478.43,1482.86,1462.8,1473.74,864004300
2022-03-10,VNINDEX,1485.11,1488.59,1479.08,1479.08,607737500
2022-03-11,VNINDEX,1479.08,1480.29,1458.88,1466.54,1159784462
2022-03-14,VNINDEX,1459.28,1461.06,1439.19,1446.25,787290900
2022-03-15,VNINDEX,1444.92,1453.07,1437.27,1452.74,618581000
2022-03-16,VNINDEX,1459.68,1462.98,1453.91,1459.33,527855900
2022-03-17,VNINDEX,1466.56,1467.74,1459.14,1461.34,666857100
2022-03-18,VNINDEX,1461.34,1474.86,1461.34,1469.1,935872693
2022-03-21,VNINDEX,1474.78,1494.95,1474.38,1494.95,694839300
2022-03-22,VNINDEX,1500.08,1507.71,1498.48,1503.78,873002500
2022-03-23,VNINDEX,1505.76,1513.9,1501.67,1502.34,763655100
2022-03-24,VNINDEX,1503.91,1505.39,1495.18,1498.26,732998300
2022-03-25,VNINDEX,1500.17,1503.29,1494.55,1498.5,947688031
2022-03-28,VNINDEX,1490.44,1496.79,1473.8,1483.18,958280800
2022-03-29,VNINDEX,1487.57,1498.45,1487.57,1497.76,661152000
2022-03-30,VNINDEX,1491.92,1503.89,1483.9,1490.51,854370000
2022-03-31,VNINDEX,1492.5,1498.41,1488.27,1492.15,603940100
2022-04-01,VNINDEX,1492.15,1516.87,1484.13,1516.44,1087307257
2022-04-04,VNINDEX,1528.87,1530.95,1522.82,1524.7,702062500
2022-04-05,VNINDEX,1521.4,1527.57,1519.28,1520.03,635012500
2022-04-06,VNINDEX,1510.69,1523.75,1507.62,1522.9,875381800
2022-04-07,VNINDEX,1524.12,1524.92,1502.35,1502.35,731702000
2022-04-08,VNINDEX,1504.31,1507.73,1482.0,1482.0,714336000
2022-04-12,VNINDEX,1487.94,1490.58,1455.25,1455.25,626421200
2022-04-13,VNINDEX,1459.48,1477.2,1448.52,1477.2,610048700
2022-04-14,VNINDEX,1483.08,1484.34,1471.75,1472.12,469987900
2022-04-15,VNINDEX,1470.32,1478.95,1456.39,1458.56,607674500
2022-04-18,VNINDEX,1455.04,1456.07,1425.07,1432.6,756738100
2022-04-19,VNINDEX,1435.82,1442.04,1406.45,1406.45,631671200
2022-04-20,VNINDEX,1401.63,1410.64,1384.72,1384.72,623503300
2022-04-21,VNINDEX,1369.8,1392.33,1356.58,1370.21,710757900
2022-04-22,VNINDEX,1378.28,1392.89,1352.43,1379.23,757404900
2022-04-25,VNINDEX,1377.75,1382.13,1298.38,1310.92,653206600
2022-04-26,VNINDEX,1285.4,1341.34,1261.4,1341.34,642893200
2022-04-27,VNINDEX,1331.73,1355.92,1314.81,1353.77,460096300
2022-04-28,VNINDEX,1353.48,1358.07,1344.1,1350.99,433237500
2022-04-29,VNINDEX,1347.08,1369.31,1343.24,1366.8,507963700
2022-05-04,VNINDEX,1366.11,1366.39,1348.68,1348.68,479468500
2022-05-05,VNINDEX,1361.62,1362.18,1331.41,1360.68,489256000
2022-05-06,VNINDEX,1333.55,1350.09,1328.13,1329.26,483028300
2022-05-09,VNINDEX,1313.49,1314.52,1265.54,1269.62,599089800
2022-05-10,VNINDEX,1240.93,1293.56,1232.57,1293.56,581394400
2022-05-11,VNINDEX,1295.39,1305.17,1277.91,1301.53,358173000
2022-05-12,VNINDEX,1290.4,1291.65,1238.05,1238.84,487651200
2022-05-13,VNINDEX,1235.03,1237.8,1180.6,1182.77,703049500
2022-05-16,VNINDEX,1208.05,1215.96,1170.59,1171.95,521921500
2022-05-17,VNINDEX,1164.32,1228.37,1156.54,1228.37,515009800
2022-05-18,VNINDEX,1240.06,1249.84,1222.92,1240.76,485410300
2022-05-19,VNINDEX,1211.31,1246.66,1211.07,1241.64,435034100
2022-05-20,VNINDEX,1240.72,1252.96,1232.33,1240.71,439345600
2022-05-23,VNINDEX,1246.56,1246.58,1207.99,1218.81,464634600
2022-05-24,VNINDEX,1218.87,1233.38,1203.28,1233.38,451441400
2022-05-25,VNINDEX,1238.52,1268.43,1234.17,1268.43,583626500
2022-05-26,VNINDEX,1273.8,1278.11,1261.55,1268.57,488313100
2022-05-27,VNINDEX,1270.56,1286.99,1269.29,1285.45,545455800
2022-05-30,VNINDEX,1290.11,1296.22,1281.27,1293.92,469531300
2022-05-31,VNINDEX,1288.63,1297.64,1280.44,1292.68,514291400
2022-06-01,VNINDEX,1289.56,1302.25,1286.01,1299.52,471780800
2022-06-02,VNINDEX,1300.58,1302.66,1283.32,1288.62,493377500
2022-06-03,VNINDEX,1284.62,1292.78,1276.37,1287.98,406823300
2022-06-06,VNINDEX,1290.04,1302.14,1281.95,1290.01,515257600
2022-06-07,VNINDEX,1285.07,1291.35,1260.92,1291.35,592865300
2022-06-08,VNINDEX,1297.56,1316.78,1294.27,1307.91,512060100
2022-06-09,VNINDEX,1310.35,1312.44,1300.85,1307.8,408896500
2022-06-10,VNINDEX,1298.78,1309.59,1284.08,1284.08,535867000
2022-06-13,VNINDEX,1251.08,1261.54,1226.01,1227.04,667133200
2022-06-14,VNINDEX,1213.44,1239.36,1211.13,1230.31,492264800
2022-06-15,VNINDEX,1231.23,1235.56,1195.19,1213.93,597693500
2022-06-16,VNINDEX,1227.24,1246.32,1223.0,1236.63,493452200
2022-06-17,VNINDEX,1210.5,1220.41,1191.92,1217.3,647122700
2022-06-20,VNINDEX,1218.37,1221.6,1180.4,1180.4,579954500
2022-06-21,VNINDEX,1172.98,1189.97,1162.94,1172.47,574256800
2022-06-22,VNINDEX,1180.11,1185.86,1162.98,1169.27,491739500
2022-06-23,VNINDEX,1162.06,1188.88,1162.06,1188.88,348627000
2022-06-24,VNINDEX,1190.82,1196.85,1185.48,1185.48,365631700
2022-06-27,VNINDEX,1189.12,1203.51,1187.38,1202.82,399448200
2022-06-28,VNINDEX,1202.41,1221.74,1198.99,1218.1,496605600
2022-06-29,VNINDEX,1208.22,1219.58,1207.38,1218.09,487488100
2022-06-30,VNINDEX,1218.22,1220.51,1197.6,1197.6,445081100
2022-07-01,VNINDEX,1193.04,1202.41,1170.95,1198.9,466693700
2022-07-04,VNINDEX,1206.47,1208.96,1192.63,1195.53,379316900
2022-07-05,VNINDEX,1198.42,1200.99,1181.29,1181.29,527858300
2022-07-06,VNINDEX,1167.25,1175.26,1147.63,1149.61,481767700
2022-07-07,VNINDEX,1148.97,1166.48,1142.8,1166.48,336105000
2022-07-08,VNINDEX,1174.53,1177.18,1164.23,1171.31,408239000
2022-07-11,VNINDEX,1161.3,1165.23,1144.55,1155.29,458175600
2022-07-12,VNINDEX,1154.31,1174.82,1153.55,1174.82,446374900
2022-07-13,VNINDEX,1173.46,1182.21,1170.92,1173.92,494032300
2022-07-14,VNINDEX,1170.7,1182.17,1170.04,1182.17,462987000
2022-07-15,VNINDEX,1183.15,1189.66,1178.12,1179.25,514039500
2022-07-18,VNINDEX,1184.74,1184.93,1174.7,1176.49,449643100
2022-07-19,VNINDEX,1176.1,1180.46,1168.99,1178.33,447446600
2022-07-20,VNINDEX,1188.12,1198.63,1185.82,1194.14,573367800
2022-07-21,VNINDEX,1195.03,1201.91,1194.97,1198.47,474055300
2022-07-22,VNINDEX,1199.16,1202.69,1194.76,1194.76,418875300
2022-07-25,VNINDEX,1191.43,1198.16,1184.32,1188.5,382922500
2022-07-26,VNINDEX,1189.2,1194.15,1184.44,1185.07,363909800
2022-07-27,VNINDEX,1180.83,1191.04,1178.58,1191.04,362473100
2022-07-28,VNINDEX,1201.77,1214.03,1198.68,1208.12,586753300
2022-07-29,VNINDEX,1214.32,1217.84,1206.33,1206.33,502192400
2022-08-01,VNINDEX,1209.05,1231.35,1209.04,1231.35,643232700
2022-08-02,VNINDEX,1230.31,1241.91,1224.11,1241.62,701766800
2022-08-03,VNINDEX,1233.84,1250.2,1232.41,1249.76,668682400
2022-08-04,VNINDEX,1252.49,1257.38,1247.38,1254.15,621344900
2022-08-05,VNINDEX,1250.25,1253.75,1245.05,1252.74,579008400
2022-08-08,VNINDEX,1252.36,1258.84,1252.04,1256.75,600108300
2022-08-09,VNINDEX,1260.36,1263.14,1252.84,1258.85,622183100
2022-08-10,VNINDEX,1255.69,1260.36,1253.89,1256.5,554958800
2022-08-11,VNINDEX,1267.37,1268.03,1245.85,1252.07,726941900
2022-08-12,VNINDEX,1250.66,1262.33,1248.65,1262.33,478668400
2022-08-15,VNINDEX,1268.56,1274.24,1267.14,1274.2,556111500
2022-08-16,VNINDEX,1274.08,1275.93,1271.11,1274.69,541168800
2022-08-17,VNINDEX,1276.78,1280.61,1271.97,1275.28,611549400
2022-08-18,VNINDEX,1273.45,1283.15,1268.64,1273.66,522028300
2022-08-19,VNINDEX,1272.23,1280.0,1263.45,1269.18,541159000
2022-08-22,VNINDEX,1264.64,1270.57,1255.83,1260.43,530100300
2022-08-23,VNINDEX,1253.45,1270.81,1253.45,1270.81,488438500
2022-08-24,VNINDEX,1275.57,1280.36,1272.33,1277.16,495010400
2022-08-25,VNINDEX,1280.39,1289.18,1280.28,1288.88,531338200
2022-08-26,VNINDEX,1291.29,1295.12,1280.05,1282.57,579737000
2022-08-29,VNINDEX,1263.43,1270.8,1249.17,1270.8,754982100
2022-08-30,VNINDEX,1274.97,1287.65,1274.0,1279.39,450860200
2022-08-31,VNINDEX,1276.49,1285.29,1274.99,1280.51,434307600
2022-09-05,VNINDEX,1280.26,1285.7,1275.35,1277.35,431994100
2022-09-06,VNINDEX,1279.58,1286.92,1277.4,1277.4,515252000
2022-09-07,VNINDEX,1274.6,1275.07,1243.17,1243.17,753758800
2022-09-08,VNINDEX,1251.06,1251.36,1234.6,1234.6,524895800
2022-09-09,VNINDEX,1241.26,1248.78,1228.54,1248.78,513432800
2022-09-12,VNINDEX,1255.0,1257.8,1248.97,1249.62,359054745
2022-09-13,VNINDEX,1251.1,1252.35,1243.87,1248.4,379401200
2022-09-14,VNINDEX,1229.76,1242.17,1228.51,1240.77,547541600
2022-09-15,VNINDEX,1247.34,1250.93,1243.45,1245.66,364378200
2022-09-16,VNINDEX,1243.38,1246.17,1230.37,1234.03,556878300
2022-09-19,VNINDEX,1231.45,1233.46,1202.07,1205.43,607678700
2022-09-20,VNINDEX,1212.08,1218.93,1199.71,1218.93,392624700
2022-09-21,VNINDEX,1213.47,1217.28,1204.68,1210.55,306355000
2022-09-22,VNINDEX,1200.34,1214.7,1196.64,1214.7,413670100
2022-09-23,VNINDEX,1212.61,1216.59,1201.45,1203.28,418744600
2022-09-26,VNINDEX,1186.41,1190.27,1159.12,1174.35,671202400
2022-09-27,VNINDEX,1177.51,1180.75,1166.44,1166.54,390888400
2022-09-28,VNINDEX,1158.53,1162.6,1142.79,1143.62,475130574
2022-09-29,VNINDEX,1157.09,1159.49,1126.07,1126.07,392743158
2022-09-30,VNINDEX,1115.2,1135.47,1099.44,1132.11,580988602
2022-10-03,VNINDEX,1124.46,1126.46,1079.86,1086.44,467842505
2022-10-04,VNINDEX,1095.73,1100.42,1069.74,1078.14,484847543
2022-10-05,VNINDEX,1092.08,1110.21,1092.08,1104.26,366497390
2022-10-06,VNINDEX,1105.31,1106.97,1072.57,1074.52,465644550
2022-10-07,VNINDEX,1061.93,1062.23,1022.38,1035.91,724043484
2022-10-10,VNINDEX,1019.67,1051.02,1012.94,1042.48,509726370
2022-10-11,VNINDEX,1036.39,1036.42,998.64,1006.2,532383498
2022-10-12,VNINDEX,1006.1,1039.44,1002.89,1034.81,503602751
2022-10-13,VNINDEX,1035.33,1050.99,1025.04,1050.99,362426909
2022-10-14,VNINDEX,1063.07,1068.12,1055.29,1061.85,466714307
2022-10-17,VNINDEX,1053.46,1054.05,1033.59,1051.58,391417511
2022-10-18,VNINDEX,1065.6,1071.74,1057.71,1063.66,435818990
2022-10-19,VNINDEX,1065.08,1065.99,1052.29,1060.07,315804513
2022-10-20,VNINDEX,1056.14,1065.28,1048.21,1058.45,330284750
2022-10-21,VNINDEX,1059.03,1059.03,1013.69,1019.82,593037630
2022-10-24,VNINDEX,1021.25,1023.51,977.41,986.15,502992511
2022-10-25,VNINDEX,980.47,1011.39,962.45,997.7,631312849
2022-10-26,VNINDEX,1000.71,1004.55,984.71,993.36,327124544
2022-10-27,VNINDEX,994.82,1028.01,990.48,1028.01,525571421
2022-10-28,VNINDEX,1036.27,1044.57,1026.53,1027.36,471075420
2022-10-31,VNINDEX,1028.24,1030.32,1005.0,1027.94,540146599
2022-11-01,VNINDEX,1034.77,1043.53,1027.39,1033.75,529853499
2022-11-02,VNINDEX,1033.51,1034.73,1018.64,1023.19,440707791
2022-11-03,VNINDEX,1011.41,1023.95,1010.65,1019.81,374895655
2022-11-04,VNINDEX,1008.23,1009.96,974.61,997.15,636169416
2022-11-07,VNINDEX,989.74,996.18,969.61,975.19,490290336
2022-11-08,VNINDEX,960.93,981.86,956.97,981.65,491662593
2022-11-09,VNINDEX,983.62,994.79,977.93,985.59,442045429
2022-11-10,VNINDEX,974.76,976.31,935.78,947.24,589632905
2022-11-11,VNINDEX,954.95,966.7,949.49,954.53,610519072
2022-11-14,VNINDEX,939.94,945.29,923.53,941.04,556442961
2022-11-15,VNINDEX,926.08,929.06,900.17,911.9,534263131
2022-11-16,VNINDEX,876.0,945.42,873.78,942.9,881883690
2022-11-17,VNINDEX,952.91,972.88,950.9,969.26,551181919
2022-11-18,VNINDEX,967.18,971.77,939.73,969.33,788755529
2022-11-21,VNINDEX,971.58,973.19,956.77,960.65,499288906
2022-11-22,VNINDEX,953.78,985.28,948.52,952.12,937062402
2022-11-23,VNINDEX,947.81,958.61,942.02,946.0,466946398
2022-11-24,VNINDEX,942.86,950.03,934.31,947.71,451208470
2022-11-25,VNINDEX,956.62,971.46,955.53,971.46,525761736
2022-11-28,VNINDEX,979.68,1006.22,979.48,1005.69,818144334
2022-11-29,VNINDEX,1008.85,1032.16,998.56,1032.16,1050658035
2022-11-30,VNINDEX,1037.44,1048.42,1021.54,1048.42,917539238
2022-12-01,VNINDEX,1057.97,1066.28,1035.62,1036.28,1187911811
2022-12-02,VNINDEX,1032.67,1080.01,1030.81,1080.01,971782887
2022-12-05,VNINDEX,1090.97,1099.45,1082.59,1093.67,1026762548
2022-12-06,VNINDEX,1088.9,1089.63,1048.69,1048.69,1303644184
2022-12-07,VNINDEX,1046.72,1059.79,1034.92,1041.02,767643808
2022-12-08,VNINDEX,1055.21,1078.09,1045.98,1050.53,836407763
2022-12-09,VNINDEX,1056.85,1061.21,1041.39,1051.81,694652833
2022-12-12,VNINDEX,1059.55,1065.16,1032.07,1032.07,777174987
2022-12-13,VNINDEX,1035.76,1047.45,1026.3,1047.45,706529660
2022-12-14,VNINDEX,1062.18,1062.18,1046.43,1050.43,636888454
2022-12-15,VNINDEX,1049.16,1062.61,1049.06,1055.32,632450383
2022-12-16,VNINDEX,1048.62,1064.79,1047.16,1052.48,758882687
2022-12-19,VNINDEX,1053.91,1065.59,1038.4,1038.4,815335805
2022-12-20,VNINDEX,1035.82,1038.74,1010.08,1023.13,909733007
2022-12-21,VNINDEX,1033.34,1033.84,1005.43,1018.88,670212562
2022-12-22,VNINDEX,1026.49,1033.18,1016.54,1022.61,507307086
2022-12-23,VNINDEX,1023.69,1027.34,1013.2,1020.34,394851537
2022-12-26,VNINDEX,1019.66,1021.89,985.21,985.21,534206745
2022-12-27,VNINDEX,986.07,1007.88,983.67,1004.57,484114138
2022-12-28,VNINDEX,1008.41,1020.52,998.97,1015.66,375445830
2022-12-29,VNINDEX,1016.06,1021.96,1009.29,1009.29,357699137
2022-12-30,VNINDEX,1017.45,1017.99,1007.09,1007.09,327331402
2023-01-03,VNINDEX,1011.39,1043.9,1011.38,1043.9,495370447
2023-01-04,VNINDEX,1048.31,1052.6,1041.56,1046.35,546100135
2023-01-05,VNINDEX,1048.17,1058.14,1046.64,1055.82,472906022
2023-01-06,VNINDEX,1055.51,1065.58,1047.26,1051.44,586381415
2023-01-09,VNINDEX,1058.28,1062.12,1050.95,1054.21,368655811
2023-01-10,VNINDEX,1054.84,1057.44,1045.75,1053.35,406057518
2023-01-11,VNINDEX,1058.25,1065.69,1054.53,1055.76,490275635
2023-01-12,VNINDEX,1058.51,1060.97,1050.27,1056.39,370321885
2023-01-13,VNINDEX,1060.71,1066.39,1055.23,1060.17,459494342
2023-01-16,VNINDEX,1062.27,1067.74,1057.87,1066.68,391079501
2023-01-17,VNINDEX,1071.37,1088.29,1069.86,1088.29,566247477
2023-01-18,VNINDEX,1092.5,1100.39,1089.56,1098.28,531786150
2023-01-19,VNINDEX,1095.53,1111.72,1094.46,1108.08,556193050
2023-01-27,VNINDEX,1114.15,1124.3,1111.41,1117.1,552307747
2023-01-30,VNINDEX,1117.66,1118.46,1102.57,1102.57,725060556
2023-01-31,VNINDEX,1100.4,1111.18,1088.25,1111.18,629524308
2023-02-01,VNINDEX,1114.68,1116.96,1075.97,1075.97,938658935
2023-02-02,VNINDEX,1079.69,1083.36,1070.81,1077.59,567704887
2023-02-03,VNINDEX,1078.8,1081.89,1070.46,1077.15,487967451
2023-02-06,VNINDEX,1072.53,1089.29,1067.24,1089.29,392295500
2023-02-07,VNINDEX,1088.07,1092.12,1065.18,1065.84,565279974
2023-02-08,VNINDEX,1067.58,1079.51,1063.5,1072.22,452708164
2023-02-09,VNINDEX,1070.07,1075.2,1064.03,1064.03,363991072
2023-02-10,VNINDEX,1066.16,1066.28,1054.08,1055.3,385841692
2023-02-13,VNINDEX,1050.99,1054.05,1031.7,1043.7,578047487
2023-02-14,VNINDEX,1045.14,1046.64,1032.76,1038.64,325253255
2023-02-15,VNINDEX,1037.17,1051.89,1034.39,1048.2,472046511
2023-02-16,VNINDEX,1051.16,1058.29,1047.45,1058.29,395624947
2023-02-17,VNINDEX,1058.99,1062.25,1053.26,1059.31,414090312
2023-02-20,VNINDEX,1059.74,1088.01,1059.56,1086.69,603720812
2023-02-21,VNINDEX,1089.74,1095.1,1081.8,1082.23,635036875
2023-02-22,VNINDEX,1073.62,1073.93,1054.28,1054.28,742873929
2023-02-23,VNINDEX,1053.95,1054.48,1030.58,1053.66,601815220
2023-02-24,VNINDEX,1051.58,1052.49,1034.66,1039.56,380927906
2023-02-27,VNINDEX,1029.55,1031.59,1017.55,1021.25,488187762
2023-02-28,VNINDEX,1027.74,1034.36,1018.72,1024.68,344385802
2023-03-01,VNINDEX,1023.29,1040.55,1013.37,1040.55,451887043
2023-03-02,VNINDEX,1039.0,1043.8,1033.07,1037.61,306963389
2023-03-03,VNINDEX,1038.1,1041.82,1022.78,1024.77,370374610
2023-03-06,VNINDEX,1032.68,1042.43,1026.73,1027.18,374784462
2023-03-07,VNINDEX,1033.96,1043.92,1033.32,1037.84,410803657
2023-03-08,VNINDEX,1028.77,1049.18,1027.8,1049.18,465169105
2023-03-09,VNINDEX,1050.61,1060.56,1049.45,1055.95,539118977
2023-03-10,VNINDEX,1050.53,1053.86,1046.31,1053.0,436309809
2023-03-13,VNINDEX,1046.95,1055.58,1045.46,1052.8,505863805
2023-03-14,VNINDEX,1049.3,1051.56,1034.72,1040.13,535172436
2023-03-15,VNINDEX,1052.06,1062.55,1049.26,1062.19,534049436
2023-03-16,VNINDEX,1056.15,1058.73,1043.65,1047.4,450886053
2023-03-17,VNINDEX,1053.37,1055.42,1043.54,1045.14,478768177
2023-03-20,VNINDEX,1041.91,1042.6,1022.71,1023.1,458008396
2023-03-21,VNINDEX,1028.83,1036.15,1017.05,1032.43,369349957
2023-03-22,VNINDEX,1035.84,1042.84,1033.73,1040.54,368600650
2023-03-23,VNINDEX,1035.33,1045.1,1030.93,1045.1,359367516
2023-03-24,VNINDEX,1047.1,1052.29,1044.02,1046.79,492024379
2023-03-27,VNINDEX,1047.78,1053.78,1041.99,1052.25,499268427
2023-03-28,VNINDEX,1055.57,1059.83,1051.75,1054.29,569426119
2023-03-29,VNINDEX,1055.18,1056.33,1048.26,1056.33,406337846
2023-03-30,VNINDEX,1061.32,1066.23,1058.89,1059.44,545987403
2023-03-31,VNINDEX,1060.0,1067.55,1059.85,1064.64,563211648
2023-04-03,VNINDEX,1074.69,1079.28,1071.62,1079.28,761882248
2023-04-04,VNINDEX,1081.36,1082.21,1075.1,1078.45,732795030
2023-04-05,VNINDEX,1079.06,1080.86,1074.1,1080.86,696512807
2023-04-06,VNINDEX,1083.27,1084.52,1070.91,1070.91,942408869
2023-04-07,VNINDEX,1071.09,1072.94,1063.7,1069.71,592943658
2023-04-10,VNINDEX,1073.86,1075.54,1063.45,1065.35,774551045
2023-04-11,VNINDEX,1063.64,1070.56,1056.9,1069.46,634178633
2023-04-12,VNINDEX,1071.61,1072.7,1066.43,1069.45,653032406
2023-04-13,VNINDEX,1070.96,1070.96,1062.26,1064.3,587279674
2023-04-14,VNINDEX,1067.21,1068.79,1052.89,1052.89,714026518
2023-04-17,VNINDEX,1052.99,1054.72,1049.11,1053.81,399822299
2023-04-18,VNINDEX,1055.85,1057.15,1050.89,1055.02,486767389
2023-04-19,VNINDEX,1057.88,1058.14,1047.47,1048.98,485131148
2023-04-20,VNINDEX,1050.02,1051.86,1045.85,1049.25,324438225
2023-04-21,VNINDEX,1050.1,1050.4,1041.26,1042.91,506699323
2023-04-24,VNINDEX,1045.28,1047.18,1038.36,1041.36,439489141
2023-04-25,VNINDEX,1045.87,1045.87,1032.49,1034.85,477297616
2023-04-26,VNINDEX,1034.02,1040.8,1029.19,1040.8,421775639
2023-04-27,VNINDEX,1041.39,1044.25,1037.62,1039.63,456952522
2023-04-28,VNINDEX,1043.17,1049.12,1042.04,1049.12,565502199
2023-05-04,VNINDEX,1046.05,1048.16,1038.18,1040.61,562692030
2023-05-05,VNINDEX,1040.12,1043.22,1036.69,1040.31,433301354
2023-05-08,VNINDEX,1043.44,1053.44,1043.44,1053.44,584061271
2023-05-09,VNINDEX,1055.42,1058.71,1052.68,1053.77,494560113
2023-05-10,VNINDEX,1055.62,1058.67,1053.34,1058.26,642043890
2023-05-11,VNINDEX,1060.75,1063.69,1056.72,1057.12,669387113
2023-05-12,VNINDEX,1057.7,1066.9,1053.97,1066.9,675214868
2023-05-15,VNINDEX,1074.82,1076.32,1065.71,1065.71,762161980
2023-05-16,VNINDEX,1068.51,1069.27,1063.65,1065.91,582357907
2023-05-17,VNINDEX,1066.27,1069.95,1060.44,1060.44,743431551
2023-05-18,VNINDEX,1063.66,1073.41,1060.94,1068.31,578415860
2023-05-19,VNINDEX,1070.13,1070.15,1058.56,1067.07,649620819
2023-05-22,VNINDEX,1067.32,1070.64,1065.88,1070.64,623716964
2023-05-23,VNINDEX,1073.12,1073.96,1062.15,1065.85,653341933
2023-05-24,VNINDEX,1069.13,1069.61,1060.6,1061.79,671873653
2023-05-25,VNINDEX,1062.03,1065.5,1057.91,1064.63,603883481
2023-05-26,VNINDEX,1067.24,1067.28,1063.76,1063.76,585687066
2023-05-29,VNINDEX,1067.34,1077.18,1067.27,1074.98,726721589
2023-05-30,VNINDEX,1078.82,1079.31,1071.01,1078.05,803342265
2023-05-31,VNINDEX,1078.39,1079.11,1071.38,1075.17,848883278
2023-06-01,VNINDEX,1076.27,1078.39,1071.61,1078.39,800986902
2023-06-02,VNINDEX,1084.19,1092.24,1083.36,1090.84,949003221
2023-06-05,VNINDEX,1100.2,1103.81,1096.76,1097.82,877700529
2023-06-06,VNINDEX,1099.99,1108.31,1098.28,1108.31,767663752
2023-06-07,VNINDEX,1111.67,1112.28,1104.26,1109.54,909508073
2023-06-08,VNINDEX,1111.86,1115.14,1101.32,1101.32,1191167261
2023-06-09,VNINDEX,1103.11,1107.53,1097.23,1107.53,826887389
2023-06-12,VNINDEX,1110.26,1116.02,1100.08,1116.02,712022071
2023-06-13,VNINDEX,1117.43,1122.46,1116.1,1122.46,857714144
2023-06-14,VNINDEX,1124.56,1129.49,1117.42,1117.42,829498595
2023-06-15,VNINDEX,1117.06,1120.13,1112.11,1116.97,663782466
2023-06-16,VNINDEX,1121.92,1128.92,1112.51,1115.22,1054947020
2023-06-19,VNINDEX,1115.68,1117.23,1104.73,1105.4,709208551
2023-06-20,VNINDEX,1105.75,1111.72,1102.58,1111.72,579184745
2023-06-21,VNINDEX,1112.73,1118.46,1110.65,1118.46,778113811
2023-06-22,VNINDEX,1126.21,1127.54,1122.27,1125.3,807623528
2023-06-23,VNINDEX,1126.4,1130.61,1122.62,1129.38,829820153
2023-06-26,VNINDEX,1130.08,1134.0,1119.95,1132.03,926624935
2023-06-27,VNINDEX,1134.55,1136.49,1128.82,1134.33,619564674
2023-06-28,VNINDEX,1137.18,1140.56,1131.86,1138.35,751202539
2023-06-29,VNINDEX,1139.42,1140.43,1125.39,1125.39,813877038
2023-06-30,VNINDEX,1124.3,1126.33,1120.01,1120.18,520965834
2023-07-03,VNINDEX,1125.55,1128.35,1121.17,1125.5,482330417
2023-07-04,VNINDEX,1127.11,1132.12,1123.49,1132.0,621589939
2023-07-05,VNINDEX,1136.64,1138.67,1133.45,1134.62,714171068
2023-07-06,VNINDEX,1133.7,1135.81,1122.35,1126.22,842931087
2023-07-07,VNINDEX,1124.98,1138.07,1122.94,1138.07,690911706
2023-07-10,VNINDEX,1142.61,1149.02,1140.03,1149.02,781792879
2023-07-11,VNINDEX,1151.13,1157.01,1149.69,1151.77,816539478
2023-07-12,VNINDEX,1154.37,1157.43,1149.28,1154.2,662915644
2023-07-13,VNINDEX,1159.88,1165.42,1158.15,1165.42,738388049
2023-07-14,VNINDEX,1169.2,1169.84,1156.28,1168.4,940146669
2023-07-17,VNINDEX,1171.75,1174.89,1168.77,1173.13,823237013
2023-07-18,VNINDEX,1173.23,1175.7,1170.04,1174.09,729194875
2023-07-19,VNINDEX,1177.5,1178.55,1172.98,1172.98,776854252
2023-07-20,VNINDEX,1171.83,1174.39,1166.62,1172.81,713194602
2023-07-21,VNINDEX,1173.21,1185.9,1172.07,1185.9,872012954
2023-07-24,VNINDEX,1190.74,1193.22,1183.39,1190.72,960584502
2023-07-25,VNINDEX,1194.45,1199.27,1193.34,1195.9,884463624
2023-07-26,VNINDEX,1195.5,1200.84,1195.44,1200.84,816580555
2023-07-27,VNINDEX,1201.69,1203.69,1191.08,1197.33,1044856216
2023-07-28,VNINDEX,1197.32,1207.67,1195.86,1207.67,1018968754
2023-07-31,VNINDEX,1219.66,1224.81,1212.81,1222.9,1076364086
2023-08-01,VNINDEX,1230.32,1234.5,1217.56,1217.56,1156851607
2023-08-02,VNINDEX,1217.17,1223.04,1213.18,1220.43,813384734
2023-08-03,VNINDEX,1219.73,1222.35,1209.06,1210.95,935942395
2023-08-04,VNINDEX,1216.27,1228.12,1214.17,1225.98,1051204937
2023-08-07,VNINDEX,1233.1,1241.42,1230.38,1241.42,1069565143
2023-08-08,VNINDEX,1244.35,1246.22,1239.01,1242.23,1055127603
2023-08-09,VNINDEX,1240.68,1241.96,1231.28,1233.99,963201423
2023-08-10,VNINDEX,1236.51,1238.19,1220.61,1220.61,932188428
2023-08-11,VNINDEX,1228.92,1232.21,1213.37,1232.21,938402362
2023-08-14,VNINDEX,1237.14,1239.61,1229.04,1236.84,993030302
2023-08-15,VNINDEX,1239.42,1239.42,1230.58,1234.05,811761959
2023-08-16,VNINDEX,1239.95,1243.48,1235.27,1243.26,816831815
2023-08-17,VNINDEX,1242.58,1243.98,1233.48,1233.48,1011505421
2023-08-18,VNINDEX,1227.02,1228.98,1177.74,1177.99,1583522435
2023-08-21,VNINDEX,1177.01,1188.16,1164.63,1179.76,961714839
2023-08-22,VNINDEX,1183.92,1184.43,1149.13,1180.49,933784657
2023-08-23,VNINDEX,1192.96,1193.79,1168.89,1172.56,620730150
2023-08-24,VNINDEX,1175.2,1189.99,1171.33,1189.39,737567928
2023-08-25,VNINDEX,1188.99,1192.59,1181.6,1183.37,774848913
2023-08-28,VNINDEX,1189.43,1202.02,1189.43,1201.72,713247349
2023-08-29,VNINDEX,1204.75,1208.78,1197.57,1204.43,848040448
2023-08-30,VNINDEX,1206.1,1213.52,1203.51,1213.16,799265566
2023-08-31,VNINDEX,1216.0,1224.84,1214.39,1224.05,852855777
2023-09-05,VNINDEX,1231.43,1236.21,1228.7,1234.98,926699196
2023-09-06,VNINDEX,1237.07,1245.5,1229.89,1245.5,1009683101
2023-09-07,VNINDEX,1248.91,1255.11,1240.82,1243.14,1034363991
2023-09-08,VNINDEX,1242.28,1248.1,1240.15,1241.48,920806719
2023-09-11,VNINDEX,1250.48,1251.37,1223.33,1223.63,1242292544
2023-09-12,VNINDEX,1227.16,1245.44,1220.85,1245.44,832491088
2023-09-13,VNINDEX,1248.94,1250.61,1232.84,1238.39,1126481442
2023-09-14,VNINDEX,1238.19,1244.21,1223.03,1223.81,1110222861
2023-09-15,VNINDEX,1228.87,1233.87,1220.27,1227.36,822519558
2023-09-18,VNINDEX,1225.6,1226.56,1203.88,1211.81,716585507
2023-09-19,VNINDEX,1215.96,1219.57,1199.85,1211.5,831441539
2023-09-20,VNINDEX,1212.7,1226.11,1209.46,1226.11,722191241
2023-09-21,VNINDEX,1226.79,1227.88,1211.65,1212.74,863512780
2023-09-22,VNINDEX,1197.49,1199.13,1174.57,1193.05,1236490782
2023-09-25,VNINDEX,1190.58,1195.62,1153.2,1153.2,936520475
2023-09-26,VNINDEX,1150.94,1163.52,1137.96,1137.96,897032340
2023-09-27,VNINDEX,1139.76,1153.85,1126.36,1153.85,719877728
2023-09-28,VNINDEX,1153.74,1155.39,1136.99,1152.43,603271137
2023-09-29,VNINDEX,1157.76,1163.88,1152.45,1154.15,490698501
2023-10-02,VNINDEX,1155.07,1161.48,1149.63,1155.25,432841811
2023-10-03,VNINDEX,1145.85,1146.59,1117.28,1118.1,879751841
2023-10-04,VNINDEX,1106.61,1133.79,1106.4,1128.67,609105878
2023-10-05,VNINDEX,1131.29,1133.12,1113.89,1113.89,512428619
2023-10-06,VNINDEX,1115.23,1129.13,1107.4,1128.54,539729169
2023-10-09,VNINDEX,1130.25,1137.36,1127.03,1137.36,512236036
2023-10-10,VNINDEX,1143.6,1150.34,1141.97,1143.69,593794892
2023-10-11,VNINDEX,1146.2,1150.81,1138.22,1150.81,466190895
2023-10-12,VNINDEX,1155.12,1156.73,1148.11,1151.61,573657380
2023-10-13,VNINDEX,1145.03,1155.1,1138.99,1154.73,550270198
2023-10-16,VNINDEX,1152.69,1157.46,1140.64,1141.42,579368110
2023-10-17,VNINDEX,1145.34,1147.89,1121.65,1121.65,526675209
2023-10-18,VNINDEX,1123.73,1125.27,1088.87,1103.4,869615115
2023-10-19,VNINDEX,1102.93,1103.65,1087.85,1087.85,565321311
2023-10-20,VNINDEX,1085.83,1108.16,1073.73,1108.03,551429250
2023-10-23,VNINDEX,1106.56,1106.8,1086.54,1093.53,454989854
2023-10-24,VNINDEX,1095.42,1107.3,1088.17,1105.9,402534037
2023-10-25,VNINDEX,1106.41,1111.39,1100.64,1101.66,439725814
2023-10-26,VNINDEX,1082.8,1083.22,1049.71,1055.45,1039942289
2023-10-27,VNINDEX,1059.41,1061.87,1037.46,1060.62,578821510
2023-10-30,VNINDEX,1054.03,1060.39,1042.4,1042.4,415365664
2023-10-31,VNINDEX,1045.6,1046.17,1025.03,1028.19,648004448
2023-11-01,VNINDEX,1029.0,1039.66,1020.01,1039.66,539972091
2023-11-02,VNINDEX,1048.62,1075.47,1045.14,1075.47,667009654
2023-11-03,VNINDEX,1081.35,1082.23,1071.11,1076.78,649923945
2023-11-06,VNINDEX,1082.21,1089.66,1081.01,1089.66,508936305
2023-11-07,VNINDEX,1086.68,1089.89,1079.42,1080.29,480141780
2023-11-08,VNINDEX,1079.14,1113.43,1075.8,1113.43,800215243
2023-11-09,VNINDEX,1116.42,1124.78,1112.13,1113.89,928460378
2023-11-10,VNINDEX,1105.75,1116.02,1101.23,1101.68,877008662
2023-11-13,VNINDEX,1103.66,1107.91,1093.19,1100.07,663473944
2023-11-14,VNINDEX,1109.08,1115.6,1101.67,1109.73,703358836
2023-11-15,VNINDEX,1124.56,1132.75,1118.74,1122.5,800661750
2023-11-16,VNINDEX,1119.98,1125.53,1114.97,1125.53,555157978
2023-11-17,VNINDEX,1128.14,1129.84,1096.16,1101.19,1066006039
2023-11-20,VNINDEX,1085.4,1111.26,1085.32,1103.66,688468182
2023-11-21,VNINDEX,1112.61,1112.77,1103.79,1110.46,552332579
2023-11-22,VNINDEX,1111.35,1115.47,1103.26,1113.82,755210854
2023-11-23,VNINDEX,1117.71,1118.54,1088.49,1088.49,899564966
2023-11-24,VNINDEX,1090.97,1095.61,1073.31,1095.61,821052812
2023-11-27,VNINDEX,1095.59,1096.84,1085.69,1088.06,462595978
2023-11-28,VNINDEX,1088.6,1095.43,1076.45,1095.43,548105206
2023-11-29,VNINDEX,1097.28,1105.28,1096.33,1102.8,514743500
2023-11-30,VNINDEX,1101.75,1107.45,1094.13,1094.13,606826839
2023-12-01,VNINDEX,1099.18,1102.2,1090.08,1102.16,518711253
2023-12-04,VNINDEX,1107.74,1123.96,1106.62,1120.49,984773992
2023-12-05,VNINDEX,1122.28,1124.11,1113.55,1115.97,707845758
2023-12-06,VNINDEX,1118.06,1126.43,1116.03,1126.43,738707669
2023-12-07,VNINDEX,1128.67,1129.83,1109.51,1121.49,1221764657
2023-12-08,VNINDEX,1122.09,1127.46,1119.43,1124.44,689966264
2023-12-11,VNINDEX,1127.92,1129.15,1120.32,1125.5,570094573
2023-12-12,VNINDEX,1127.55,1129.77,1123.35,1127.63,498413736
2023-12-13,VNINDEX,1129.94,1131.21,1112.08,1114.2,714276741
2023-12-14,VNINDEX,1119.62,1120.36,1107.86,1110.13,559832758
2023-12-15,VNINDEX,1109.51,1112.79,1102.3,1102.3,641927289
2023-12-18,VNINDEX,1103.43,1103.74,1091.45,1091.88,485967620
2023-12-19,VNINDEX,1091.26,1096.3,1082.29,1096.3,513256942
2023-12-20,VNINDEX,1098.1,1102.27,1093.38,1100.76,433798180
2023-12-21,VNINDEX,1096.22,1102.43,1094.47,1102.43,411137272
2023-12-22,VNINDEX,1103.08,1104.65,1099.32,1103.06,457342945
2023-12-25,VNINDEX,1104.27,1118.31,1104.27,1117.66,513367086
2023-12-26,VNINDEX,1120.11,1123.11,1117.93,1122.25,526323287
2023-12-27,VNINDEX,1123.28,1126.47,1121.99,1121.99,526146731
2023-12-28,VNINDEX,1122.77,1130.58,1120.5,1128.93,558386951
2023-12-29,VNINDEX,1131.75,1135.05,1129.93,1129.93,569745860
2024-01-02,VNINDEX,1136.39,1139.71,1128.69,1131.72,723494585
2024-01-03,VNINDEX,1130.53,1144.17,1128.32,1144.17,614573860
2024-01-04,VNINDEX,1145.49,1160.08,1144.32,1150.72,1071028753
2024-01-05,VNINDEX,1152.37,1155.84,1149.08,1154.68,699280159
2024-01-08,VNINDEX,1159.42,1162.56,1155.48,1160.19,753445865
2024-01-09,VNINDEX,1161.71,1162.83,1155.46,1158.59,740754627
2024-01-10,VNINDEX,1158.79,1166.1,1155.94,1161.54,865218394
2024-01-11,VNINDEX,1162.49,1169.1,1157.43,1162.22,721808488
2024-01-12,VNINDEX,1159.25,1161.91,1146.75,1154.7,972347634
2024-01-15,VNINDEX,1159.37,1163.75,1154.12,1154.12,513403043
2024-01-16,VNINDEX,1150.31,1163.12,1147.71,1163.12,520993518
2024-01-17,VNINDEX,1161.95,1168.46,1160.45,1162.53,637645718
2024-01-18,VNINDEX,1164.32,1169.73,1162.62,1169.06,523948655
2024-01-19,VNINDEX,1171.5,1181.5,1171.47,1181.5,578206561
2024-01-22,VNINDEX,1186.29,1186.96,1175.54,1182.86,695005662
2024-01-23,VNINDEX,1183.96,1184.74,1173.78,1177.5,546232894
2024-01-24,VNINDEX,1175.58,1180.3,1172.0,1172.97,585110178
2024-01-25,VNINDEX,1173.58,1173.83,1168.5,1170.37,432026831
2024-01-26,VNINDEX,1173.43,1176.76,1173.43,1175.67,450059721
2024-01-29,VNINDEX,1177.23,1180.46,1174.88,1175.69,499332696
2024-01-30,VNINDEX,1176.02,1179.92,1174.13,1179.65,522946236
2024-01-31,VNINDEX,1181.62,1182.53,1163.13,1164.31,955418532
2024-02-01,VNINDEX,1162.78,1174.5,1162.45,1173.02,531547216
2024-02-02,VNINDEX,1173.93,1178.27,1169.7,1172.55,734972309
2024-02-05,VNINDEX,1174.22,1188.45,1173.54,1186.06,722125440
2024-02-06,VNINDEX,1189.08,1190.92,1185.68,1188.48,526235527
2024-02-07,VNINDEX,1190.51,1199.52,1190.5,1198.53,614452225
2024-02-15,VNINDEX,1203.08,1207.56,1198.81,1202.5,784034166
2024-02-16,VNINDEX,1204.9,1210.25,1204.29,1209.7,732603874
2024-02-19,VNINDEX,1213.24,1225.48,1212.58,1224.97,898027299
2024-02-20,VNINDEX,1227.75,1230.47,1222.66,1230.06,772746057
2024-02-21,VNINDEX,1231.78,1234.22,1222.92,1230.04,808511856
2024-02-22,VNINDEX,1229.85,1232.09,1226.15,1227.31,740122330
2024-02-23,VNINDEX,1230.3,1240.81,1211.55,1212.0,1225443829
2024-02-26,VNINDEX,1212.93,1225.21,1210.52,1224.17,761367297
2024-02-27,VNINDEX,1228.93,1237.6,1226.49,1237.46,830495936
2024-02-28,VNINDEX,1241.77,1254.55,1236.32,1254.55,814346543
2024-02-29,VNINDEX,1259.59,1264.39,1247.7,1252.73,934494261
2024-03-01,VNINDEX,1256.72,1258.76,1247.87,1258.28,822115129
2024-03-04,VNINDEX,1264.07,1268.25,1256.54,1261.41,994011577
2024-03-05,VNINDEX,1262.89,1269.98,1257.81,1269.98,841821123
2024-03-06,VNINDEX,1269.8,1277.51,1256.3,1262.73,921251926
2024-03-07,VNINDEX,1263.23,1269.88,1260.24,1268.46,871614163
2024-03-08,VNINDEX,1272.62,1274.3,1247.35,1247.35,1209088843
2024-03-11,VNINDEX,1248.32,1254.01,1233.49,1235.49,851738710
2024-03-12,VNINDEX,1235.4,1248.33,1233.14,1245.0,737689011
2024-03-13,VNINDEX,1250.2,1270.51,1247.64,1270.51,826474776
2024-03-14,VNINDEX,1276.0,1276.41,1258.67,1264.26,963097533
2024-03-15,VNINDEX,1263.76,1271.63,1252.36,1263.78,956309030
2024-03-18,VNINDEX,1266.11,1269.9,1221.67,1243.56,1526779911
2024-03-19,VNINDEX,1246.54,1249.75,1238.92,1242.46,735805803
2024-03-20,VNINDEX,1243.79,1261.55,1235.46,1260.08,794727033
2024-03-21,VNINDEX,1269.96,1276.42,1264.2,1276.42,1081588505
2024-03-22,VNINDEX,1281.56,1291.27,1276.38,1281.8,1111112910
2024-03-25,VNINDEX,1278.86,1286.84,1264.51,1267.86,1101070678
2024-03-26,VNINDEX,1267.95,1282.5,1264.42,1282.21,813098800
2024-03-27,VNINDEX,1286.34,1286.72,1276.95,1283.09,754700880
2024-03-28,VNINDEX,1293.03,1293.9,1285.52,1290.18,823626900
2024-03-29,VNINDEX,1292.7,1292.75,1282.44,1284.09,735188003
2024-04-01,VNINDEX,1282.37,1286.8,1274.09,1281.52,840172566
2024-04-02,VNINDEX,1276.38,1287.04,1268.48,1287.04,956070829
2024-04-03,VNINDEX,1285.3,1288.99,1271.47,1271.47,947216586
2024-04-04,VNINDEX,1271.87,1277.62,1265.12,1268.25,859418901
2024-04-05,VNINDEX,1258.58,1265.14,1253.56,1255.11,973835575
2024-04-08,VNINDEX,1255.37,1258.4,1246.87,1250.35,733082694
2024-04-09,VNINDEX,1252.4,1262.82,1247.7,1262.82,596807326
2024-04-10,VNINDEX,1266.48,1268.72,1258.56,1258.56,586647926
2024-04-11,VNINDEX,1249.88,1262.03,1248.11,1258.2,592127537
2024-04-12,VNINDEX,1262.96,1278.39,1259.5,1276.6,650322212
2024-04-15,VNINDEX,1274.02,1281.81,1216.61,1216.61,1236066802
2024-04-16,VNINDEX,1218.64,1222.45,1191.73,1215.68,1143433408
2024-04-17,VNINDEX,1221.47,1221.47,1193.01,1193.01,708176858
2024-04-19,VNINDEX,1180.87,1190.96,1165.99,1174.85,951223870
2024-04-22,VNINDEX,1183.77,1193.88,1181.13,1190.22,569603122
2024-04-23,VNINDEX,1190.56,1192.8,1169.61,1177.4,616867057
2024-04-24,VNINDEX,1186.47,1207.61,1185.13,1205.61,628027496
2024-04-25,VNINDEX,1206.25,1208.41,1200.21,1204.97,438347889
2024-04-26,VNINDEX,1199.83,1216.6,1198.73,1209.52,513292300
2024-05-02,VNINDEX,1212.13,1216.36,1206.28,1216.36,467466790
2024-05-03,VNINDEX,1222.54,1225.75,1218.33,1221.03,524649967
2024-05-06,VNINDEX,1226.89,1241.58,1224.22,1241.58,625588584
2024-05-07,VNINDEX,1245.5,1250.63,1240.09,1248.63,550898676
2024-05-08,VNINDEX,1243.61,1251.62,1234.76,1250.46,770816040
2024-05-09,VNINDEX,1252.81,1256.8,1243.29,1248.64,591807969
2024-05-10,VNINDEX,1251.78,1252.5,1237.46,1244.7,556788658
2024-05-13,VNINDEX,1248.19,1249.2,1233.56,1240.18,593968870
2024-05-14,VNINDEX,1246.23,1252.52,1240.88,1243.28,476578584
2024-05-15,VNINDEX,1248.61,1257.92,1248.02,1254.39,704936160
2024-05-16,VNINDEX,1264.51,1271.66,1261.19,1268.78,754095204
2024-05-17,VNINDEX,1270.34,1274.27,1266.32,1273.11,788116698
2024-05-20,VNINDEX,1281.5,1285.19,1277.36,1277.58,900908384
2024-05-21,VNINDEX,1277.85,1281.29,1267.29,1277.14,790140189
2024-05-22,VNINDEX,1280.26,1283.06,1263.87,1266.91,933047509
2024-05-23,VNINDEX,1265.6,1281.03,1262.29,1281.03,788341559
2024-05-24,VNINDEX,1276.68,1285.07,1250.28,1261.93,1179638521
2024-05-27,VNINDEX,1263.46,1267.68,1257.27,1267.68,564137500
2024-05-28,VNINDEX,1272.23,1281.73,1269.37,1281.73,710243600
2024-05-29,VNINDEX,1284.74,1285.63,1271.6,1272.64,937265939
2024-05-30,VNINDEX,1264.45,1269.07,1251.8,1266.32,903973666
2024-05-31,VNINDEX,1268.37,1271.07,1261.43,1261.72,578120347
2024-06-03,VNINDEX,1271.65,1284.48,1271.65,1280.0,881259000
2024-06-04,VNINDEX,1285.51,1289.31,1281.98,1283.52,743646628
2024-06-05,VNINDEX,1287.12,1293.93,1284.35,1284.35,769448301
2024-06-06,VNINDEX,1288.79,1292.02,1278.4,1283.56,751958815
2024-06-07,VNINDEX,1289.05,1293.03,1283.13,1287.58,566497622
2024-06-10,VNINDEX,1292.67,1297.39,1287.44,1290.67,742266776
2024-06-11,VNINDEX,1295.03,1296.41,1279.47,1284.41,815619047
2024-06-12,VNINDEX,1285.01,1301.35,1281.71,1300.19,731047219
2024-06-13,VNINDEX,1305.69,1306.01,1297.6,1301.51,782445017
2024-06-14,VNINDEX,1303.37,1305.02,1279.91,1279.91,964967623
2024-06-17,VNINDEX,1282.08,1283.1,1272.54,1274.77,741570820
2024-06-18,VNINDEX,1279.39,1286.52,1278.38,1279.5,597659348
2024-06-19,VNINDEX,1283.0,1284.14,1270.66,1279.79,727821787
2024-06-20,VNINDEX,1281.82,1286.54,1273.54,1282.3,773355093
2024-06-21,VNINDEX,1285.07,1288.06,1279.44,1282.02,669695755
2024-06-24,VNINDEX,1281.19,1284.84,1252.66,1254.12,1040386525
2024-06-25,VNINDEX,1255.77,1260.07,1250.25,1256.56,520938884
2024-06-26,VNINDEX,1258.95,1262.67,1247.55,1261.24,555550983
2024-06-27,VNINDEX,1260.71,1262.49,1255.12,1259.09,446001676
2024-06-28,VNINDEX,1260.27,1262.61,1240.15,1245.32,635711241
2024-07-01,VNINDEX,1246.33,1254.56,1240.07,1254.56,403842640
2024-07-02,VNINDEX,1258.87,1270.47,1257.93,1269.79,441202337
2024-07-03,VNINDEX,1273.26,1278.14,1268.23,1276.85,469162184
2024-07-04,VNINDEX,1278.87,1283.13,1274.58,1279.89,452214031
2024-07-05,VNINDEX,1281.21,1284.98,1276.93,1283.04,562932141
2024-07-08,VNINDEX,1285.34,1287.14,1277.68,1283.56,620542471
2024-07-09,VNINDEX,1286.33,1294.15,1283.62,1293.71,715099055
2024-07-10,VNINDEX,1295.57,1297.96,1285.94,1285.94,634688932
2024-07-11,VNINDEX,1291.14,1293.32,1283.8,1283.8,595188348
2024-07-12,VNINDEX,1284.57,1288.67,1277.16,1280.75,505651034
2024-07-15,VNINDEX,1284.14,1286.37,1276.27,1279.82,440329239
2024-07-16,VNINDEX,1282.83,1291.47,1279.37,1281.18,598892375
2024-07-17,VNINDEX,1286.07,1290.76,1256.42,1268.66,1092895884
2024-07-18,VNINDEX,1270.95,1274.67,1256.21,1274.44,612004645
2024-07-19,VNINDEX,1275.28,1279.94,1260.68,1264.78,682708976
2024-07-22,VNINDEX,1261.42,1267.43,1245.02,1254.64,777593563
2024-07-23,VNINDEX,1256.72,1258.74,1231.81,1231.81,616528413
2024-07-24,VNINDEX,1225.5,1242.4,1218.65,1238.47,614914657
2024-07-25,VNINDEX,1232.92,1235.67,1226.2,1233.19,382805489
2024-07-26,VNINDEX,1235.21,1242.11,1234.05,1242.11,383860021
2024-07-29,VNINDEX,1247.71,1249.68,1243.08,1246.6,422568067
2024-07-30,VNINDEX,1247.23,1248.73,1236.97,1245.06,566133540
2024-07-31,VNINDEX,1247.45,1255.77,1246.3,1251.51,626496505
2024-08-01,VNINDEX,1254.59,1257.85,1222.51,1226.96,792496617
2024-08-02,VNINDEX,1215.67,1236.6,1209.77,1236.6,611459171
2024-08-05,VNINDEX,1219.05,1220.99,1184.53,1188.07,871578892
2024-08-06,VNINDEX,1197.52,1213.35,1186.74,1210.28,552603849
2024-08-07,VNINDEX,1216.96,1217.79,1205.11,1215.88,461425878
2024-08-08,VNINDEX,1211.83,1219.97,1202.58,1208.32,579962780
2024-08-09,VNINDEX,1215.3,1225.02,1212.4,1223.64,502888457
2024-08-12,VNINDEX,1225.95,1231.46,1221.16,1230.28,447955533
2024-08-13,VNINDEX,1229.81,1231.55,1223.01,1230.42,447926581
2024-08-14,VNINDEX,1233.7,1236.51,1228.93,1230.36,404202277
2024-08-15,VNINDEX,1230.58,1231.69,1222.28,1223.56,394681474
2024-08-16,VNINDEX,1228.27,1253.24,1227.94,1252.23,859565834
2024-08-19,VNINDEX,1259.36,1263.84,1256.45,1261.62,560120742
2024-08-20,VNINDEX,1263.65,1275.95,1263.65,1272.55,724078305
2024-08-21,VNINDEX,1272.34,1284.05,1268.91,1284.05,670203726
2024-08-22,VNINDEX,1287.34,1288.42,1280.42,1282.78,551649974
2024-08-23,VNINDEX,1283.22,1287.43,1276.43,1285.32,595105295
2024-08-26,VNINDEX,1289.65,1290.45,1278.72,1280.02,643948678
2024-08-27,VNINDEX,1279.55,1282.92,1274.7,1280.56,538503219
2024-08-28,VNINDEX,1283.41,1285.72,1276.9,1281.44,619986351
2024-08-29,VNINDEX,1281.05,1288.2,1280.24,1281.47,530557167
2024-08-30,VNINDEX,1283.61,1286.84,1282.58,1283.87,473075527
2024-09-04,VNINDEX,1271.39,1277.27,1268.43,1275.8,546685039
2024-09-05,VNINDEX,1276.35,1282.21,1266.05,1268.21,537013671
2024-09-06,VNINDEX,1268.22,1274.44,1262.94,1273.96,469737427
2024-09-09,VNINDEX,1269.83,1269.92,1262.97,1267.73,399316190
2024-09-10,VNINDEX,1269.83,1271.83,1252.22,1255.23,548188299
2024-09-11,VNINDEX,1254.25,1256.86,1244.79,1253.27,469969175
2024-09-12,VNINDEX,1258.42,1260.93,1255.87,1256.35,353322514
2024-09-13,VNINDEX,1253.48,1254.24,1248.78,1251.71,345075622
2024-09-16,VNINDEX,1251.0,1255.42,1239.26,1239.26,406084647
2024-09-17,VNINDEX,1240.0,1258.95,1238.69,1258.95,418063385
2024-09-18,VNINDEX,1261.23,1271.77,1257.93,1264.9,542560781
2024-09-19,VNINDEX,1268.08,1271.27,1264.82,1271.27,444118910
2024-09-20,VNINDEX,1277.73,1283.3,1272.04,1272.04,773588806
2024-09-23,VNINDEX,1275.15,1276.99,1267.87,1268.48,416937911
2024-09-24,VNINDEX,1268.25,1276.99,1266.68,1276.99,450952923
2024-09-25,VNINDEX,1282.48,1288.44,1280.47,1287.48,841960747
2024-09-26,VNINDEX,1290.03,1298.71,1289.15,1291.49,828772734
2024-09-27,VNINDEX,1295.03,1300.31,1287.21,1290.92,811528634
2024-09-30,VNINDEX,1290.17,1292.03,1283.92,1287.94,636582014
2024-10-01,VNINDEX,1290.68,1302.22,1290.68,1292.2,833023683
2024-10-02,VNINDEX,1289.65,1293.69,1285.14,1287.84,615948736
2024-10-03,VNINDEX,1288.45,1299.36,1276.51,1278.1,929324954
2024-10-04,VNINDEX,1278.9,1279.33,1270.6,1270.6,516838768
2024-10-07,VNINDEX,1275.59,1278.61,1264.65,1269.93,431746999
2024-10-08,VNINDEX,1271.98,1275.82,1266.94,1271.98,592176851
2024-10-09,VNINDEX,1273.96,1283.01,1273.04,1281.85,582540343
2024-10-10,VNINDEX,1289.61,1294.33,1284.97,1286.36,598891260
2024-10-11,VNINDEX,1287.66,1289.37,1283.56,1288.39,437625358
2024-10-14,VNINDEX,1296.54,1297.67,1286.13,1286.34,619276191
2024-10-15,VNINDEX,1287.81,1294.05,1279.81,1281.08,619610197
2024-10-16,VNINDEX,1279.86,1283.33,1276.4,1279.48,440452844
2024-10-17,VNINDEX,1282.65,1286.52,1271.82,1286.52,579305856
2024-10-18,VNINDEX,1291.16,1294.1,1285.46,1285.46,546249354
2024-10-21,VNINDEX,1284.17,1287.71,1279.77,1279.77,528557901
2024-10-22,VNINDEX,1280.21,1280.21,1265.44,1269.89,667541526
2024-10-23,VNINDEX,1270.58,1273.21,1263.26,1270.9,489929001
2024-10-24,VNINDEX,1271.17,1274.11,1257.41,1257.41,532020991
2024-10-25,VNINDEX,1260.94,1261.72,1251.75,1252.72,480454993
2024-10-28,VNINDEX,1252.76,1255.18,1250.94,1254.77,368249767
2024-10-29,VNINDEX,1258.03,1262.38,1257.43,1261.78,454099020
2024-10-30,VNINDEX,1263.57,1264.84,1255.07,1258.63,429794790
2024-10-31,VNINDEX,1260.23,1267.88,1255.55,1264.48,409737985
2024-11-01,VNINDEX,1262.39,1264.67,1254.33,1254.89,497670931
2024-11-04,VNINDEX,1255.92,1256.96,1242.36,1244.71,543721609
2024-11-05,VNINDEX,1244.85,1248.97,1243.55,1245.76,314945393
2024-11-06,VNINDEX,1251.22,1262.44,1250.57,1261.28,463915932
2024-11-07,VNINDEX,1266.61,1267.09,1259.75,1259.75,436110981
2024-11-08,VNINDEX,1262.84,1264.09,1250.77,1252.56,472794115
2024-11-11,VNINDEX,1253.81,1253.87,1241.29,1250.32,664742714
2024-11-12,VNINDEX,1251.79,1257.02,1242.91,1244.82,478703119
2024-11-13,VNINDEX,1242.94,1247.04,1234.62,1246.04,556101320
2024-11-14,VNINDEX,1243.85,1247.07,1231.69,1231.89,530216570
2024-11-15,VNINDEX,1229.36,1229.59,1217.03,1218.57,634822173
2024-11-18,VNINDEX,1218.3,1225.38,1204.6,1217.12,519684737
2024-11-19,VNINDEX,1220.68,1221.4,1205.15,1205.15,411580431
2024-11-20,VNINDEX,1203.71,1222.73,1197.99,1216.54,595053508
2024-11-21,VNINDEX,1217.3,1228.55,1214.06,1228.33,385541342
2024-11-22,VNINDEX,1228.95,1233.42,1226.33,1228.1,416151649
2024-11-25,VNINDEX,1229.39,1236.57,1229.02,1234.7,382227104
2024-11-26,VNINDEX,1235.63,1246.83,1235.22,1242.13,470846416
2024-11-27,VNINDEX,1241.36,1245.34,1239.23,1241.97,330000841
2024-11-28,VNINDEX,1246.37,1250.46,1240.91,1242.11,374803536
2024-11-29,VNINDEX,1242.51,1250.92,1241.0,1250.46,396117434
2024-12-02,VNINDEX,1255.73,1258.05,1247.74,1251.21,352806149
2024-12-03,VNINDEX,1251.43,1253.83,1244.91,1249.83,439728204
2024-12-04,VNINDEX,1247.34,1247.78,1239.82,1240.41,465502194
2024-12-05,VNINDEX,1241.81,1269.18,1238.49,1267.53,779993372
2024-12-06,VNINDEX,1270.96,1276.1,1268.58,1270.14,565715866
2024-12-09,VNINDEX,1271.46,1277.69,1268.69,1273.84,546454671
2024-12-10,VNINDEX,1274.29,1277.32,1270.32,1272.07,462691547
2024-12-11,VNINDEX,1273.23,1276.67,1264.15,1268.86,473457175
2024-12-12,VNINDEX,1270.86,1275.64,1265.99,1267.35,461485561
2024-12-13,VNINDEX,1264.98,1266.55,1260.48,1262.57,367939049
2024-12-16,VNINDEX,1264.03,1267.1,1258.65,1263.79,360341279
2024-12-17,VNINDEX,1264.91,1265.45,1260.6,1261.72,327584791
2024-12-18,VNINDEX,1262.57,1266.53,1261.49,1266.0,362329721
2024-12-19,VNINDEX,1256.9,1259.76,1249.39,1254.67,628846329
2024-12-20,VNINDEX,1255.6,1259.0,1253.9,1257.5,428104838
2024-12-23,VNINDEX,1262.45,1265.2,1261.62,1262.76,363896212
2024-12-24,VNINDEX,1263.03,1263.05,1253.78,1260.36,502564849
2024-12-25,VNINDEX,1262.03,1283.09,1261.87,1274.04,666962682
2024-12-26,VNINDEX,1275.68,1277.17,1271.99,1272.87,453389936
2024-12-27,VNINDEX,1275.56,1277.89,1272.23,1275.14,552111544
2024-12-30,VNINDEX,1273.75,1274.15,1268.77,1272.02,417365889
2024-12-31,VNINDEX,1272.25,1272.46,1266.78,1266.78,367846747
2025-01-02,VNINDEX,1268.96,1271.13,1263.25,1269.71,328258670
2025-01-03,VNINDEX,1268.74,1269.01,1254.59,1254.59,463010830
2025-01-06,VNINDEX,1254.79,1260.37,1244.87,1246.35,469222998
2025-01-07,VNINDEX,1249.19,1254.09,1243.06,1246.95,461894014
2025-01-08,VNINDEX,1246.16,1251.02,1239.67,1251.02,335193426
2025-01-09,VNINDEX,1250.56,1253.26,1242.9,1245.77,267483879
2025-01-10,VNINDEX,1245.68,1247.8,1230.48,1230.48,443618084
2025-01-13,VNINDEX,1226.66,1235.65,1220.87,1235.65,398593541
2025-01-14,VNINDEX,1234.77,1235.54,1226.7,1229.07,297547932
2025-01-15,VNINDEX,1233.29,1237.46,1231.13,1236.18,359903149
2025-01-16,VNINDEX,1241.74,1245.4,1235.56,1242.36,372990685
2025-01-17,VNINDEX,1242.38,1249.11,1239.63,1249.11,331281862
2025-01-20,VNINDEX,1250.03,1253.02,1247.5,1249.55,331206750
2025-01-21,VNINDEX,1252.75,1254.17,1243.08,1246.09,353722909
2025-01-22,VNINDEX,1248.26,1249.14,1242.53,1242.53,374183309
2025-01-23,VNINDEX,1245.59,1263.59,1244.77,1259.63,448550346
2025-01-24,VNINDEX,1259.26,1265.38,1258.46,1265.05,456657167
2025-02-03,VNINDEX,1259.09,1259.09,1249.78,1253.03,462591784
2025-02-04,VNINDEX,1256.91,1264.68,1255.44,1264.68,541783695
2025-02-05,VNINDEX,1268.43,1271.8,1266.18,1269.61,490473888
2025-02-06,VNINDEX,1273.58,1275.47,1268.28,1271.48,489762130
2025-02-07,VNINDEX,1271.98,1279.35,1269.12,1275.2,503342974
2025-02-10,VNINDEX,1272.27,1274.47,1263.26,1263.26,652223852
2025-02-11,VNINDEX,1265.44,1268.45,1263.11,1268.45,525259444
2025-02-12,VNINDEX,1270.83,1272.86,1266.59,1266.91,424173879
2025-02-13,VNINDEX,1267.25,1270.67,1263.85,1270.35,422929502
2025-02-14,VNINDEX,1277.52,1280.6,1274.0,1276.08,572553338
2025-02-17,VNINDEX,1277.12,1278.49,1272.72,1272.72,703389002
2025-02-18,VNINDEX,1274.05,1283.34,1272.19,1278.14,576613065
2025-02-19,VNINDEX,1280.6,1288.56,1278.92,1288.56,691882854
2025-02-20,VNINDEX,1292.94,1295.82,1290.84,1292.98,665568367
2025-02-21,VNINDEX,1293.63,1296.75,1290.98,1296.75,615945439
2025-02-24,VNINDEX,1298.39,1304.56,1294.69,1304.56,745383925
2025-02-25,VNINDEX,1306.86,1309.97,1298.54,1303.16,764641989
2025-02-26,VNINDEX,1305.16,1306.49,1301.2,1302.96,659793287
2025-02-27,VNINDEX,1307.31,1307.87,1296.43,1307.8,796881038
2025-02-28,VNINDEX,1307.14,1308.77,1300.66,1305.36,713323836
2025-03-03,VNINDEX,1306.97,1309.77,1304.3,1309.37,748242113
2025-03-04,VNINDEX,1306.82,1313.21,1298.28,1311.91,872086925
2025-03-05,VNINDEX,1312.84,1319.52,1304.71,1304.71,711384061
2025-03-06,VNINDEX,1308.02,1318.22,1307.91,1318.22,926189171
2025-03-07,VNINDEX,1320.08,1327.07,1318.71,1326.05,825175457
2025-03-10,VNINDEX,1331.6,1335.87,1326.51,1330.28,801944906
2025-03-11,VNINDEX,1319.17,1332.54,1315.92,1332.54,791992117
2025-03-12,VNINDEX,1337.63,1342.91,1331.75,1334.41,811987921
2025-03-13,VNINDEX,1335.66,1340.91,1324.87,1326.27,927789782
2025-03-14,VNINDEX,1325.84,1333.32,1324.3,1326.15,872541760
2025-03-17,VNINDEX,1330.62,1336.26,1329.05,1336.26,780751957
2025-03-18,VNINDEX,1340.16,1341.65,1330.97,1330.97,759403354
2025-03-19,VNINDEX,1330.4,1330.7,1320.85,1324.63,768370525
2025-03-20,VNINDEX,1326.8,1332.41,1316.11,1323.93,783924251
2025-03-21,VNINDEX,1324.0,1325.22,1320.67,1321.88,673776859
2025-03-24,VNINDEX,1322.9,1330.32,1316.73,1330.32,737479570
2025-03-25,VNINDEX,1335.29,1337.6,1329.81,1331.92,772470386
2025-03-26,VNINDEX,1333.33,1338.55,1323.69,1326.09,672071249
2025-03-27,VNINDEX,1325.98,1328.82,1323.01,1323.81,522142993
2025-03-28,VNINDEX,1324.42,1325.34,1315.72,1317.46,601970197
2025-03-31,VNINDEX,1313.51,1314.09,1304.1,1306.86,706353460
2025-04-01,VNINDEX,1313.03,1317.46,1308.06,1317.33,516351102
2025-04-02,VNINDEX,1321.53,1324.46,1317.68,1317.83,668744030
2025-04-03,VNINDEX,1272.87,1277.9,1229.41,1229.84,1594166624
2025-04-04,VNINDEX,1159.33,1210.67,1158.17,1210.67,1777882039
2025-04-08,VNINDEX,1173.14,1174.4,1130.98,1132.79,989102100
2025-04-09,VNINDEX,1073.61,1141.35,1073.61,1094.3,1464120095
2025-04-10,VNINDEX,1166.09,1168.4,1165.86,1168.34,215166632
2025-04-11,VNINDEX,1185.86,1222.46,1180.59,1222.46,1617665830
2025-04-14,VNINDEX,1235.01,1242.94,1226.06,1241.44,913684312
2025-04-15,VNINDEX,1232.64,1246.21,1221.75,1227.79,939049220
2025-04-16,VNINDEX,1225.29,1233.84,1205.93,1210.3,713035992
2025-04-17,VNINDEX,1201.63,1217.25,1197.5,1217.25,657997453
2025-04-18,VNINDEX,1228.37,1234.67,1219.12,1219.12,977508165
2025-04-21,VNINDEX,1220.38,1222.77,1201.63,1207.07,771247128
2025-04-22,VNINDEX,1201.38,1203.82,1136.98,1197.13,1551077089
2025-04-23,VNINDEX,1215.65,1216.28,1202.27,1211.0,732740068
2025-04-24,VNINDEX,1214.78,1224.66,1210.37,1223.35,700062627
2025-04-25,VNINDEX,1227.16,1230.72,1220.67,1229.23,747261510
2025-04-28,VNINDEX,1234.3,1234.3,1222.56,1226.8,542916481
2025-04-29,VNINDEX,1227.25,1229.1,1222.3,1226.3,523225174
2025-05-05,VNINDEX,1233.97,1241.51,1226.3,1240.05,562828082
2025-05-06,VNINDEX,1244.3,1251.02,1240.05,1241.95,723833572
2025-05-07,VNINDEX,1241.1,1250.79,1240.2,1250.37,696862360
2025-05-08,VNINDEX,1255.34,1271.44,1250.37,1269.8,780781448
2025-05-09,VNINDEX,1274.5,1279.61,1264.87,1267.3,696772993
2025-05-12,VNINDEX,1272.92,1283.86,1267.3,1283.26,833318839
2025-05-13,VNINDEX,1292.75,1293.7,1283.26,1293.43,884922281
2025-05-14,VNINDEX,1295.3,1310.57,1292.34,1309.73,917612165
2025-05-15,VNINDEX,1314.19,1316.16,1301.61,1313.2,1048494927
2025-05-16,VNINDEX,1314.25,1318.03,1299.55,1301.39,850785026
2025-05-19,VNINDEX,1293.61,1306.2,1291.66,1296.29,832210897
2025-05-20,VNINDEX,1298.62,1316.67,1296.29,1315.15,864044592
2025-05-21,VNINDEX,1329.83,1331.6,1313.13,1323.05,1000998104
2025-05-22,VNINDEX,1319.97,1331.93,1312.8,1313.84,1119988708
2025-05-23,VNINDEX,1313.93,1320.07,1308.62,1314.46,642508366
2025-05-26,VNINDEX,1317.08,1332.51,1288.86,1332.51,961305387
2025-05-27,VNINDEX,1338.09,1339.81,1329.6,1339.81,1055045239
2025-05-28,VNINDEX,1344.08,1348.05,1337.18,1341.87,899910498
2025-05-29,VNINDEX,1346.68,1348.31,1335.62,1341.86,895953649
2025-05-30,VNINDEX,1342.89,1345.78,1328.69,1332.6,911849296
2025-06-02,VNINDEX,1330.71,1336.33,1322.95,1336.3,860775405
2025-06-03,VNINDEX,1341.31,1350.89,1336.3,1347.25,1035220959
2025-06-04,VNINDEX,1350.52,1351.14,1341.53,1345.74,952672647
2025-06-05,VNINDEX,1346.33,1347.49,1336.11,1342.09,756976552
2025-06-06,VNINDEX,1339.13,1344.92,1325.45,1329.89,901235898
2025-06-09,VNINDEX,1329.66,1331.56,1309.05,1310.57,718708721
2025-06-10,VNINDEX,1307.74,1323.61,1299.94,1316.23,703372014
2025-06-11,VNINDEX,1322.07,1322.07,1306.25,1315.2,546076606
2025-06-12,VNINDEX,1321.25,1326.03,1308.63,1322.99,811549322
2025-06-13,VNINDEX,1313.08,1326.62,1304.12,1315.49,1164364579
2025-06-16,VNINDEX,1313.4,1338.66,1307.37,1338.11,779999910
2025-06-17,VNINDEX,1343.7,1353.01,1338.11,1347.69,763834636
2025-06-18,VNINDEX,1350.17,1353.99,1341.64,1346.83,768168609
2025-06-19,VNINDEX,1346.33,1353.96,1342.08,1352.04,651813682
2025-06-20,VNINDEX,1354.69,1356.78,1342.31,1349.35,779673486
2025-06-23,VNINDEX,1345.24,1358.26,1338.49,1358.18,735461142
2025-06-24,VNINDEX,1365.69,1371.24,1355.53,1366.77,883404856
2025-06-25,VNINDEX,1369.05,1371.57,1364.09,1366.75,734078816
2025-06-26,VNINDEX,1368.73,1372.74,1360.78,1365.67,599210662
2025-06-27,VNINDEX,1369.13,1373.28,1362.09,1371.44,678584222
2025-06-30,VNINDEX,1374.9,1377.3,1371.44,1376.07,637621732
2025-07-01,VNINDEX,1378.14,1382.16,1369.74,1377.84,725894731
2025-07-02,VNINDEX,1377.26,1384.72,1372.27,1384.59,850174592
2025-07-03,VNINDEX,1381.64,1392.39,1377.06,1381.96,1316396602
2025-07-04,VNINDEX,1385.19,1388.04,1379.4,1386.97,835995342
2025-07-07,VNINDEX,1393.34,1402.32,1386.97,1402.06,1231774285
2025-07-08,VNINDEX,1407.07,1415.65,1400.79,1415.46,1177502304
2025-07-09,VNINDEX,1421.12,1432.29,1415.46,1431.32,1433794349
2025-07-10,VNINDEX,1437.13,1446.16,1431.32,1445.64,1074311106
2025-07-11,VNINDEX,1451.12,1463.91,1445.64,1457.76,1235944706
2025-07-14,VNINDEX,1471.4,1473.93,1447.72,1470.42,1259872146
2025-07-15,VNINDEX,1473.8,1476.32,1460.16,1460.65,1336267013
2025-07-16,VNINDEX,1459.87,1475.47,1457.04,1475.47,1221312100
2025-07-17,VNINDEX,1481.85,1494.46,1475.47,1490.01,1408347353
2025-07-18,VNINDEX,1497.53,1501.2,1484.29,1497.28,1461671359
2025-07-21,VNINDEX,1508.6,1511.96,1481.37,1485.05,1390409164
2025-07-22,VNINDEX,1485.26,1509.54,1476.61,1509.54,1232141283
2025-07-23,VNINDEX,1519.58,1523.37,1507.14,1512.31,1440191422
2025-07-24,VNINDEX,1520.25,1525.32,1502.82,1521.02,1391387058
2025-07-25,VNINDEX,1521.56,1534.51,1519.79,1531.13,1406847721
2025-07-28,VNINDEX,1541.82,1558.12,1531.13,1557.42,1789006045
2025-07-29,VNINDEX,1562.6,1566.74,1490.24,1493.41,2644459187
2025-07-30,VNINDEX,1500.23,1512.15,1482.45,1507.63,1640423968
2025-07-31,VNINDEX,1521.96,1528.66,1488.3,1502.52,1652085886
2025-08-01,VNINDEX,1506.88,1509.22,1479.98,1495.21,1383202505
2025-08-04,VNINDEX,1493.37,1528.21,1491.11,1528.19,1229695208
2025-08-05,VNINDEX,1547.19,1584.98,1519.08,1547.15,2698901575
2025-08-06,VNINDEX,1558.56,1574.34,1547.15,1573.71,1329752984
2025-08-07,VNINDEX,1587.84,1588.38,1567.72,1581.81,1610898102
2025-08-08,VNINDEX,1589.58,1592.52,1565.45,1584.95,1820837623
2025-08-11,VNINDEX,1590.98,1601.79,1584.95,1596.86,1590494840
2025-08-12,VNINDEX,1603.5,1608.23,1591.18,1608.22,1646679881
2025-08-13,VNINDEX,1615.57,1616.99,1585.54,1611.6,1954057759
2025-08-14,VNINDEX,1623.18,1641.28,1619.76,1640.69,1818449345
2025-08-15,VNINDEX,1658.24,1665.97,1615.26,1630.0,2072101334
2025-08-18,VNINDEX,1638.37,1642.71,1625.61,1636.37,1606149815
2025-08-19,VNINDEX,1646.73,1665.48,1643.04,1654.2,1933110149
2025-08-20,VNINDEX,1662.11,1665.54,1614.6,1664.36,2411541300
2025-08-21,VNINDEX,1674.76,1693.68,1672.26,1688.0,1716580207
2025-08-22,VNINDEX,1680.42,1689.3,1629.49,1645.47,2293777647
2025-08-25,VNINDEX,1659.7,1660.49,1608.53,1614.03,1524727856
2025-08-26,VNINDEX,1611.61,1667.96,1603.73,1667.63,1439338154
2025-08-27,VNINDEX,1678.54,1696.6,1668.24,1672.78,1562452835
2025-08-28,VNINDEX,1679.33,1684.16,1659.68,1680.86,1190991833
2025-08-29,VNINDEX,1690.11,1694.42,1678.57,1682.21,1522606385
2025-09-03,VNINDEX,1682.11,1685.73,1670.39,1681.3,1305793226
2025-09-04,VNINDEX,1687.59,1696.29,1675.95,1696.29,1375273973
2025-09-05,VNINDEX,1705.13,1711.49,1665.45,1666.97,1696082766
2025-09-08,VNINDEX,1660.91,1667.36,1624.53,1624.53,1904992565
2025-09-09,VNINDEX,1629.58,1637.32,1613.01,1637.32,1129244291
2025-09-10,VNINDEX,1646.41,1646.49,1629.29,1643.26,1009393499
2025-09-11,VNINDEX,1638.75,1659.19,1605.76,1657.75,1271916658
2025-09-12,VNINDEX,1662.02,1670.62,1653.79,1667.26,1121358725
2025-09-15,VNINDEX,1672.59,1684.9,1668.09,1684.9,1242826634
2025-09-16,VNINDEX,1696.87,1696.87,1677.03,1680.9,1330973777
2025-09-17,VNINDEX,1678.09,1684.62,1666.27,1670.97,1071506811
2025-09-18,VNINDEX,1675.85,1679.63,1653.89,1665.18,915010851
2025-09-19,VNINDEX,1671.24,1671.77,1638.44,1658.62,927990635
2025-09-22,VNINDEX,1656.66,1659.13,1616.02,1634.45,1212478380
2025-09-23,VNINDEX,1635.12,1643.59,1626.65,1635.26,797233705
2025-09-24,VNINDEX,1635.36,1657.46,1619.09,1657.46,998074719
2025-09-25,VNINDEX,1661.08,1668.21,1654.47,1666.09,995617724
2025-09-26,VNINDEX,1666.68,1671.43,1657.94,1660.7,963931987
2025-09-29,VNINDEX,1659.24,1674.84,1655.03,1666.48,932831470
2025-09-30,VNINDEX,1667.86,1676.8,1645.97,1661.7,1144254133
2025-10-01,VNINDEX,1664.95,1671.07,1658.75,1665.05,721205372
2025-10-02,VNINDEX,1668.04,1679.73,1650.87,1652.71,781183333
2025-10-03,VNINDEX,1651.39,1654.6,1638.08,1645.82,860615053
2025-10-06,VNINDEX,1673.16,1695.5,1664.17,1695.5,1087044888
2025-10-07,VNINDEX,1703.9,1703.9,1678.66,1685.3,879953011
2025-10-08,VNINDEX,1701.06,1704.42,1680.87,1697.83,1067425184
2025-10-09,VNINDEX,1702.76,1717.65,1699.17,1716.47,1100211459
2025-10-10,VNINDEX,1725.27,1747.57,1721.76,1747.55,1072926114
2025-10-13,VNINDEX,1738.23,1766.77,1736.03,1765.12,1336021435
2025-10-14,VNINDEX,1782.97,1794.58,1755.64,1761.06,1561254359
2025-10-15,VNINDEX,1766.12,1773.73,1748.9,1757.95,1186599106
2025-10-16,VNINDEX,1764.51,1768.45,1753.5,1766.85,1181490730
2025-10-17,VNINDEX,1771.61,1771.61,1727.77,1731.19,1272671767
2025-10-20,VNINDEX,1723.59,1727.11,1636.43,1636.43,1706768838
2025-10-21,VNINDEX,1640.8,1677.11,1622.37,1663.43,1583235455
2025-10-22,VNINDEX,1678.82,1678.82,1628.37,1678.5,995959634
2025-10-23,VNINDEX,1680.73,1698.01,1669.78,1687.06,753331212
2025-10-24,VNINDEX,1684.88,1691.69,1660.32,1683.18,952237808
2025-10-27,VNINDEX,1696.45,1697.16,1652.54,1652.54,969578406
2025-10-28,VNINDEX,1647.86,1680.5,1621.52,1680.5,933803962
2025-10-29,VNINDEX,1685.9,1695.99,1675.68,1685.83,898809223
2025-10-30,VNINDEX,1688.83,1690.69,1661.92,1669.57,796977133
2025-10-31,VNINDEX,1669.61,1669.61,1636.62,1639.65,846392672
2025-11-03,VNINDEX,1644.56,1652.48,1617.0,1617.0,1012509465
2025-11-04,VNINDEX,1618.02,1658.93,1600.56,1651.98,1198941757
2025-11-05,VNINDEX,1647.46,1659.58,1640.51,1654.89,662264267
2025-11-06,VNINDEX,1656.67,1658.69,1638.12,1642.64,583918596
2025-11-07,VNINDEX,1636.24,1638.59,1595.34,1599.1,846874733
2025-11-10,VNINDEX,1598.02,1609.49,1580.54,1580.54,733963463
2025-11-11,VNINDEX,1585.32,1597.08,1578.42,1593.61,664598578
2025-11-12,VNINDEX,1599.63,1631.86,1596.43,1631.86,757596568
2025-11-13,VNINDEX,1632.64,1638.98,1626.14,1631.44,699139664
2025-11-14,VNINDEX,1627.45,1638.35,1623.03,1635.46,703912296
2025-11-17,VNINDEX,1640.47,1654.42,1640.47,1654.42,766684998
2025-11-18,VNINDEX,1657.43,1660.41,1647.64,1659.92,773781151
2025-11-19,VNINDEX,1659.25,1661.51,1643.04,1649.0,850211293
2025-11-20,VNINDEX,1651.93,1660.55,1647.79,1655.99,681094934
2025-11-21,VNINDEX,1646.36,1656.84,1635.1,1654.93,730536641
2025-11-24,VNINDEX,1656.03,1674.29,1656.01,1667.98,576494405
2025-11-25,VNINDEX,1670.08,1676.7,1657.77,1660.36,912568955
2025-11-26,VNINDEX,1667.31,1682.17,1663.99,1680.36,794445051
2025-11-27,VNINDEX,1686.03,1695.34,1681.08,1684.32,714132340
2025-11-28,VNINDEX,1683.77,1696.14,1679.12,1690.99,723199925
2025-12-01,VNINDEX,1698.98,1713.77,1697.38,1701.67,633506422
2025-12-02,VNINDEX,1704.84,1719.03,1690.36,1717.06,693931904
2025-12-03,VNINDEX,1725.9,1741.65,1714.9,1731.77,822614056
2025-12-04,VNINDEX,1735.41,1741.71,1725.23,1737.24,894123127
2025-12-05,VNINDEX,1755.72,1758.44,1738.3,1741.32,658094976
2025-12-08,VNINDEX,1757.42,1758.41,1746.03,1753.74,740943400
2025-12-09,VNINDEX,1772.03,1772.03,1724.66,1747.17,973849509
2025-12-10,VNINDEX,1748.82,1748.82,1713.64,1718.98,647038643
2025-12-11,VNINDEX,1710.28,1718.84,1690.82,1698.9,592555601
2025-12-12,VNINDEX,1702.72,1702.73,1638.48,1646.89,919272724
2025-12-15,VNINDEX,1645.87,1665.65,1636.82,1646.01,684864300
2025-12-16,VNINDEX,1647.42,1689.07,1629.37,1679.18,832044428
2025-12-17,VNINDEX,1680.18,1683.95,1668.19,1673.66,612255424
2025-12-18,VNINDEX,1675.54,1676.98,1665.21,1676.98,677428400
2025-12-19,VNINDEX,1678.72,1705.76,1677.67,1704.31,776738534
2025-12-22,VNINDEX,1717.42,1751.03,1712.48,1751.03,980004438
2025-12-23,VNINDEX,1765.0,1778.18,1763.52,1772.15,859542980
2025-12-24,VNINDEX,1782.71,1784.98,1753.65,1782.82,808080310
2025-12-25,VNINDEX,1779.19,1805.93,1742.85,1742.85,830259375
2025-12-26,VNINDEX,1706.39,1730.99,1687.14,1729.8,1081379964
2025-12-29,VNINDEX,1733.39,1754.84,1731.63,1754.84,681132121
2025-12-30,VNINDEX,1758.45,1766.9,1740.07,1766.9,639630103
2025-12-31,VNINDEX,1760.81,1787.75,1760.14,1784.49,704538818
